Date,District_Name,Power_Generated,Power_Consumed_in_Day,Power_Consumed_in_Night,Power_Demand,Power_Surplus_or_Deficit,Temperature,Humidity,Rainfall,Energy_Import_Export,Renewable_Generated,Non-Renewable_Generated,Population,Economic_Activity_Index,Power_Consumption_Per_Capita,Load_Shedding_Hours
2024-01-26,Pherzawl,4536,3708,1431,3182,-603,34,64,10,38,1491,3045,9690885,82.76862537518357,0.5302921250226372,1
2024-08-14,Kamareddy,3020,3048,812,4892,-840,25,72,7,71,1769,1251,10416602,72.56622258028861,0.37056230045076116,1
2024-07-23,Navsari,4839,4326,916,3722,-403,33,65,1,89,1162,3677,11143751,99.58585484495167,0.47039816306017607,0
2024-01-04,Moga,4102,2911,1048,3317,143,30,63,9,126,2113,1989,14653046,56.53968057891617,0.2701827319725878,1
2024-09-04,Jalna,3669,3411,1329,4665,-1071,32,59,0,68,61,3608,6177830,83.30398497942707,0.7672597012219502,2
2024-04-05,Kakching,4703,3699,1307,3104,-303,25,59,8,188,1701,3002,8546780,89.81169376765175,0.5857176620902843,3
2024-04-22,Ri Bhoi,3183,3529,1350,3028,-1696,35,69,8,158,732,2451,13778402,78.27413036088872,0.3541049245043075,0
2024-08-26,Betul,3820,4359,1171,4622,-1710,27,77,5,53,33,3787,9021633,57.491312835722354,0.6129710663246887,5
2024-01-14,Daman,4471,3671,1056,4585,-256,29,77,6,98,1247,3224,14770157,54.98617386274529,0.32003722099907267,2
2024-04-04,Mahe,4741,4452,865,3020,-576,33,77,2,80,1533,3208,11190922,84.83981812850794,0.47511724235054087,2
2024-02-02,Lakhimpur,3350,3018,1337,4329,-1005,28,65,5,4,878,2472,6666999,80.76557186928781,0.65321743711076,4
2024-04-25,Gondia,4867,4492,1198,3524,-823,26,60,4,134,665,4202,8360497,51.917989374583804,0.6805815491590991,2
2024-08-30,Kottayam,3477,3498,1492,3812,-1513,31,58,3,197,1090,2387,8577386,51.556525176045575,0.5817623224604792,4
2024-01-02,East Sikkim,3179,3689,1350,3346,-1860,34,51,7,63,1239,1940,11954677,96.47520263059067,0.42150866978672863,0
2024-04-03,Coimbatore,3050,3828,947,3567,-1725,26,69,1,129,1360,1690,9997590,68.5894329013878,0.47761510524036294,0
2024-07-19,Bhavnagar,3237,3690,1207,4588,-1660,28,66,1,154,1995,1242,14266021,73.142290994578,0.34326319861718974,5
2024-07-12,Saharanpur,4564,2890,1209,4025,465,35,52,3,123,2148,2416,14619986,59.86920370306478,0.2803696255249492,0
2024-10-29,Morena,3531,4405,892,3641,-1766,30,61,4,166,1965,1566,13640318,60.73059377721909,0.3883340549685132,4
2024-07-14,Buxar,4871,4023,1277,4477,-429,34,58,5,152,119,4752,12670822,78.56468935322566,0.41828383351924603,0
2024-08-27,Navsari,4384,2653,1490,4440,241,29,76,2,92,437,3947,5435695,50.07218230095366,0.7621840445426022,0
2024-09-23,West Khasi Hills,3404,4241,775,4302,-1612,34,63,4,35,1866,1538,5297515,77.76844467393083,0.9468590461754237,3
2024-07-24,Nandyal,3326,2829,1184,3240,-687,30,74,4,25,1999,1327,7406472,99.37056945487376,0.5418234214616622,4
2024-02-04,Visakhapatnam,4522,4035,973,3398,-486,34,70,9,199,539,3983,7983227,91.18625536622628,0.6273152448251816,5
2024-07-30,Gadchiroli,3299,2989,1337,4487,-1027,33,64,8,110,1133,2166,8808187,85.08612060594122,0.49113398705091066,4
2024-02-23,Meerut,4184,4127,1485,4989,-1428,29,55,0,131,1585,2599,12857021,94.07031135929437,0.43649302587278965,0
2024-10-15,Gondia,4528,4284,843,3937,-599,31,66,8,101,613,3915,11546989,70.09081659941677,0.4440118545189573,2
2024-10-04,Jiribam,3214,2535,1060,4603,-381,26,50,1,22,831,2383,5582667,92.76523467174638,0.6439574490113775,0
2024-01-16,Bhandara,4274,3601,997,4927,-324,25,71,0,173,473,3801,12520927,79.38566666838578,0.36722520624870664,1
2024-06-27,Tikamgarh,4394,2508,1123,3097,763,29,53,6,177,2425,1969,7354960,74.41070279667865,0.4936804550942493,0
2024-05-02,Yadadri Bhuvanagiri,4341,3389,1394,3663,-442,25,70,9,104,2470,1871,7082349,88.44668338414817,0.6753409073740929,2
2024-08-29,Raigad,3106,4102,1113,3125,-2109,29,67,6,19,891,2215,11680806,78.47730700009988,0.4464589173041655,3
2024-04-02,Beed,4194,3591,1189,3789,-586,26,76,0,34,1286,2908,8346513,63.63950111230637,0.5726942496824722,1
2024-04-13,Chandigarh,4573,3556,1117,4895,-100,30,56,4,92,2488,2085,6293367,65.37668937829892,0.7425278074518775,5
2024-01-22,Cuttack,4041,2960,1142,4913,-61,26,68,0,167,988,3053,8870813,79.97628929506311,0.46241533893229403,2
2024-10-23,Sivaganga,3508,3327,1281,4690,-1100,35,75,6,49,168,3340,8537546,68.05252172161721,0.5397335487269995,3
2024-04-12,Solan,4388,4351,908,4261,-871,33,66,10,168,87,4301,13170340,89.59617755932044,0.39930632011018696,0
2024-09-30,Chengalpattu,3053,3053,1306,3622,-1306,25,58,0,82,586,2467,10101324,88.4356114625977,0.4315275898486179,1
2024-03-27,Jalna,4686,3160,1065,4421,461,29,78,9,200,304,4382,6080321,72.85675409586504,0.6948646296799132,0
2024-04-16,Dausa,4027,3770,1385,3231,-1128,31,72,10,105,763,3264,13333019,97.63967989163905,0.38663411489925875,3
2024-01-27,Mansa,3622,3748,1488,3586,-1614,30,63,4,152,259,3363,7494174,69.08978920076241,0.6986760649005481,3
2024-02-04,Deoghar,3640,4434,1485,4913,-2279,32,54,7,85,428,3212,5143563,54.340185295260724,1.150758725031656,1
2024-07-19,Khandwa,4854,4142,1395,4865,-683,29,67,3,34,2135,2719,6203587,80.1310975123403,0.8925481338457896,0
2024-10-21,Muzaffarnagar,3228,4173,1372,4618,-2317,26,60,6,161,246,2982,14567899,89.47374243366073,0.38063141431719155,3
2024-10-06,Singrauli,4307,2933,958,3932,416,26,61,3,140,1375,2932,13714447,57.959750061344685,0.2837154133885238,1
2024-01-08,Imphal West,3350,2606,843,3520,-99,35,77,10,29,633,2717,13656776,79.2049810741438,0.252548624946327,1
2024-05-24,Sabarkantha,4221,4182,839,4111,-800,28,74,1,48,310,3911,10788040,71.11949903546665,0.46542282008594704,2
2024-08-25,Faridabad,3398,4206,1377,4670,-2185,29,61,5,115,2251,1147,6386452,85.67457860570778,0.8741943100801509,4
2024-10-14,Koraput,4790,2512,735,4048,1543,34,57,2,131,2215,2575,8076549,50.270093441704866,0.402028143455825,4
2024-05-13,Giridih,3639,3263,1469,3166,-1093,30,76,2,49,1371,2268,8810108,65.8423612133883,0.5371103282729337,4
2024-05-10,Hoshangabad,4655,3956,880,4601,-181,33,70,1,59,1339,3316,5142212,56.07284875610196,0.940451307725158,5
2024-09-22,Tikamgarh,4895,3164,1185,4652,546,28,71,5,135,1743,3152,11501958,85.92920722863079,0.37810953578512463,5
2024-03-15,Bagalkot,3940,2863,1378,4119,-301,26,51,3,184,1334,2606,10030846,67.31801822732908,0.42279584393978337,0
2024-10-23,North West Delhi,4848,3636,863,4652,349,30,79,2,158,615,4233,7559075,61.95639566698,0.595178642889507,1
2024-07-05,Jaisalmer,4111,2650,1293,3003,168,35,66,6,31,2389,1722,7975079,87.11414529375429,0.49441516504099836,2
2024-03-29,Sangareddy,3496,3221,835,4095,-560,32,61,4,39,1957,1539,7211561,95.31029392304885,0.5624302422180163,2
2024-09-08,Koderma,3270,3749,1443,3700,-1922,35,54,3,127,806,2464,8651242,78.24552621208511,0.6001450427580225,0
2024-07-13,Bundi,4338,2976,760,3462,602,26,53,9,184,2021,2317,12473765,52.487166723616426,0.2995086086678721,3
2024-04-08,Agar Malwa,3653,3512,824,3806,-683,26,56,8,14,912,2741,13442410,56.33536477006483,0.3225612074025417,5
2024-07-29,Khammam,3113,3900,1340,3501,-2127,35,74,0,91,2131,982,10282172,51.145537829213424,0.5096199518934327,1
2024-01-07,Kupwara,3106,2572,1112,3457,-578,35,71,6,106,2448,658,8666174,55.44944811546269,0.4251010884387966,5
2024-02-13,Kasganj,4367,3718,723,4505,-74,25,72,3,197,38,4329,13367166,65.87986365139608,0.33223197796750636,2
2024-10-14,Tapi,4446,3882,1352,3099,-788,33,62,6,143,992,3454,7274419,63.15170321066954,0.7195076335305953,4
2024-08-08,Yamunanagar,4861,4146,1299,4037,-584,27,61,3,78,784,4077,14697160,59.25493944094187,0.37047973894276176,5
2024-02-16,Kollam,4030,3310,1484,4853,-764,35,62,9,139,867,3163,7868975,91.71174210847474,0.6092280125429297,5
2024-09-15,Godda,3876,2914,1449,3766,-487,28,80,10,45,218,3658,10497577,75.84383038106053,0.41561971872175835,0
2024-07-26,Balaghat,3316,2675,1296,4324,-655,35,70,5,149,409,2907,6014970,72.32247391159876,0.6601861688420724,4
2024-09-11,South East Delhi,3207,3374,1052,3233,-1219,27,68,8,61,1956,1251,6826702,97.11724476483838,0.6483364881021613,2
2024-06-05,Ariyalur,3020,2818,1319,3801,-1117,29,62,1,62,2047,973,11548649,70.3849393216404,0.35822371950173565,0
2024-09-27,Warangal Urban,4491,3596,1493,3096,-598,33,59,4,172,1406,3085,14696237,60.06859895215091,0.34627911893364266,5
2024-03-08,Aligarh,3432,3434,1469,3752,-1471,34,76,10,138,1523,1909,13320414,54.87059391537869,0.3680816527174005,5
2024-02-28,Tiruvannamalai,4489,3342,1476,4858,-329,34,50,6,79,1535,2954,11715138,50.043620009564755,0.41126276105326287,5
2024-08-07,Ajmer,4856,3860,1006,3917,-10,35,70,0,67,251,4605,14826562,68.2385625076977,0.3281947628856912,1
2024-09-15,Patna,3575,3402,940,3485,-767,26,73,0,94,465,3110,8130900,61.682188883686024,0.5340122249689456,4
2024-06-07,Bahraich,4017,4276,1240,4646,-1499,31,68,6,51,1328,2689,14264039,78.62400124807819,0.3867067385331742,2
2024-07-12,Nilgiris,3669,4308,934,4687,-1573,31,61,7,4,639,3030,12754208,59.79855235236869,0.411001608253527,0
2024-05-03,Kachchh,4615,3841,1254,4937,-480,28,69,2,195,2225,2390,8933749,87.15708674740975,0.5703092844896359,1
2024-01-22,Deoria,4664,3598,1317,4637,-251,30,54,10,26,676,3988,7222637,95.07373441504728,0.6804993799356107,5
2024-06-23,Jhabua,3121,3085,1485,3350,-1449,27,69,3,180,504,2617,14172473,85.65035846043847,0.322456073827059,0
2024-10-22,Ukhrul,3330,2531,1149,3792,-350,26,77,1,155,775,2555,11424231,71.37079660514566,0.3221223380374574,5
2024-04-20,Nilgiris,4913,3415,1399,4093,99,30,64,9,59,2001,2912,5812804,87.6265875863674,0.8281717394909582,0
2024-02-07,Jaunpur,3165,4475,1205,4458,-2515,33,53,9,27,373,2792,7053487,78.20758923387197,0.8052754616262849,2
2024-05-29,Rudraprayag,4449,4241,1002,3948,-794,32,52,0,83,2319,2130,12152056,84.07694674822119,0.4314496246561076,0
2024-03-26,Sitapur,4313,3106,1298,3045,-91,26,55,7,121,675,3638,12535843,72.49299004458021,0.3513126321061934,5
2024-03-01,Sawai Madhopur,4169,3859,1455,3529,-1145,34,53,1,141,1908,2261,10339993,82.45767107818443,0.513926846952411,3
2024-03-28,Sheohar,4282,4324,1079,3966,-1121,30,54,2,110,1747,2535,7069961,62.238556564725336,0.764219208564234,3
2024-06-02,Darbhanga,3365,2809,953,3553,-397,30,56,8,14,383,2982,8879861,68.32086504420867,0.4236552801896336,0
2024-08-09,West Garo Hills,3170,3463,1354,4447,-1647,28,79,8,121,368,2802,5152554,52.55230582924054,0.9348761798517784,2
2024-05-26,Sirsa,3184,2521,730,3672,-67,27,66,10,146,1723,1461,12489153,99.07391004778688,0.26030588303306074,4
2024-05-07,Jagtial,3935,4135,954,4031,-1154,32,77,1,153,237,3698,10660294,76.86212913023817,0.4773789540888835,2
2024-03-18,Hardoi,4079,4337,906,3582,-1164,33,50,0,104,2349,1730,7337006,68.09594272033294,0.7145966624533222,4
2024-01-17,Panna,3612,2516,1166,3020,-70,34,73,4,129,994,2618,10879875,89.0342481565904,0.3384230057790186,4
2024-03-01,Dhemaji,4827,3117,935,4935,775,32,54,9,53,1813,3014,7169473,78.66117139802523,0.565174037199108,1
2024-02-23,Nandyal,3090,3624,1302,4226,-1836,31,61,0,110,1038,2052,5832466,86.03846376668596,0.8445827202421754,5
2024-04-01,Tenkasi,4170,3770,1321,3609,-921,29,51,6,128,1616,2554,8032516,58.797546747559515,0.6337989242722953,3
2024-06-06,Darjeeling,3843,3739,890,3792,-786,33,50,6,96,1620,2223,11026762,63.847608749090824,0.41979685423517804,3
2024-07-12,Imphal West,4716,2935,1282,4169,499,30,77,9,116,342,4374,7155070,94.39518246321421,0.5893722912564099,5
2024-09-20,Banka,4044,4475,1435,3661,-1866,31,71,6,168,2397,1647,9342616,94.69954877029124,0.6325851346132604,4
2024-10-01,Tiruvallur,3175,3559,1089,3309,-1473,30,57,7,69,65,3110,12432823,83.03765582763128,0.37384912501368356,0
2024-03-25,Tinsukia,3299,2798,1074,3183,-573,25,67,4,13,746,2553,12601330,69.02537621846803,0.3072691533354019,5
2024-03-04,Cooch Behar,3108,4312,811,4872,-2015,28,65,8,178,1029,2079,14825537,77.50953137662401,0.3455524073090911,4
2024-02-17,Seoni,3104,2901,1094,3543,-891,31,68,6,83,1046,2058,10005006,57.50676524324048,0.39930011036475144,5
2024-02-17,Hooghly,3113,2776,1366,3651,-1029,34,61,3,21,249,2864,6692401,53.3755668264087,0.6189109110467229,2
2024-10-28,Jagtial,4341,4221,1080,3375,-960,28,50,9,185,1347,2994,14374547,77.78696559125947,0.3687768386718552,1
2024-03-13,Darjeeling,3627,2844,1454,4643,-671,27,56,3,192,603,3024,12320032,55.64503971005717,0.34886273022667474,2
2024-04-13,Nuapada,3555,3205,739,3282,-389,34,52,5,94,1875,1680,6679029,77.60964437268237,0.5905049970587042,3
2024-03-09,Ambala,4635,2893,1319,3177,423,28,50,6,45,608,4027,5123969,97.70199854543237,0.8220190247052627,5
2024-06-05,North Goa,4035,3302,926,4566,-193,27,50,7,199,1919,2116,12362990,81.36347302622056,0.3419884671911892,5
2024-07-24,South Garo Hills,4140,3314,1112,4681,-286,32,51,1,189,865,3275,7108708,62.63477392715717,0.6226166555160234,0
2024-08-07,Kaushambi,3597,4357,1497,3498,-2257,27,60,8,70,2338,1259,11499258,50.40463416723074,0.5090763247506926,2
2024-03-10,Gondia,3717,2577,1302,3393,-162,28,53,0,26,1898,1819,12075104,62.66179164369683,0.32123946924183844,0
2024-01-18,Bijapur,4173,2618,1031,3220,524,27,56,4,70,176,3997,5889648,79.94929993863767,0.6195616444310424,4
2024-06-14,South Sikkim,3174,4494,869,3559,-2189,34,75,6,138,1850,1324,14240833,72.34281012450055,0.3765931388985462,4
2024-03-05,Moga,4513,3733,1420,4314,-640,31,60,5,98,1486,3027,13549224,51.36663196250498,0.3803169834670974,4
2024-06-02,Tenkasi,4085,2591,1209,4951,285,31,52,7,146,1450,2635,13337046,51.10297970938277,0.2849206638411534,1
2024-05-21,Gwalior,4690,3547,908,4181,235,28,57,6,77,639,4051,5607332,65.63553953827581,0.7944954926870748,0
2024-05-23,Jalna,4983,3361,717,4136,905,31,73,8,146,1884,3099,5343062,51.808328254155676,0.7632327680270227,4
2024-10-21,Chandigarh,4927,2503,835,4355,1589,35,78,3,78,130,4797,10853653,67.30958483880818,0.30754622429886047,5
2024-08-26,Tirunelveli,4651,3346,1411,4246,-106,26,61,0,134,31,4620,12076547,66.55481111300362,0.39390398596552473,1
2024-06-07,Tawang,4224,2899,962,3291,363,31,70,10,191,73,4151,9802289,74.24404713944949,0.3938875909494201,5
2024-09-14,Pakke Kessang,4385,2673,1233,4101,479,29,68,1,71,1938,2447,12280439,81.54391912908835,0.3180668052664893,0
2024-07-25,Kendujhar,4119,2819,1347,4687,-47,27,74,3,5,721,3398,13168175,89.85836583482816,0.3163688210401213,3
2024-08-25,Sheopur,3539,2665,1013,3420,-139,27,78,3,176,1704,1835,11419919,94.06391473863788,0.32206883428857946,3
2024-03-11,Gorakhpur,4282,3458,1491,3049,-667,32,74,9,181,1865,2417,14285416,97.1441298240313,0.3464372336094378,0
2024-08-01,Medchal-Malkajgiri,3185,4348,823,4315,-1986,26,65,5,14,1250,1935,5147000,79.06206541384978,1.004662910433262,1
2024-06-13,Prakasam,3580,3043,1154,4734,-617,33,80,10,143,1806,1774,7543359,97.886702580741,0.5563834360793382,3
2024-01-24,Nizamabad,4358,3746,1396,3589,-784,33,74,4,182,36,4322,12046275,79.3644236933236,0.42685394447661207,3
2024-07-04,West Singhbhum,3808,4327,957,3454,-1476,29,55,7,14,2125,1683,8482305,97.20593651693935,0.6229438814095932,3
2024-04-17,Etah,3816,2545,709,4333,562,28,80,1,78,319,3497,13093789,73.52501265489596,0.24851477292019905,5
2024-02-12,Medchal-Malkajgiri,3763,3125,1211,3198,-573,34,50,7,193,2365,1398,8404915,63.43443949557792,0.5158886199325038,5
2024-10-24,Pauri Garhwal,3811,3779,1350,4315,-1318,27,58,6,166,2088,1723,11601647,88.30767598909337,0.442092402914862,4
2024-06-22,Hathras,3221,3020,1061,3797,-860,25,60,0,99,313,2908,14933572,83.89110769107005,0.2732768824498252,3
2024-01-18,Junagadh,4145,2729,1119,3434,297,27,70,0,192,359,3786,11007258,68.96840535381457,0.34958751761792084,1
2024-05-07,Shivamogga,3689,3665,1370,4422,-1346,34,77,4,72,1473,2216,10985714,59.05263811959536,0.45832250866898594,5
2024-06-17,Yavatmal,3326,3797,1219,4004,-1690,28,80,6,52,1692,1634,14796041,80.76910943520373,0.3390096039879857,2
2024-02-04,Kottayam,4684,3857,1495,4986,-668,26,64,1,72,1864,2820,14412265,84.43561297168908,0.3713503741431343,3
2024-10-19,Karimnagar,4945,2625,915,3362,1405,33,57,4,198,2051,2894,5525969,69.61805452387651,0.6406116284763812,2
2024-04-08,Kaimur,4712,2978,1217,3578,517,33,79,6,124,2051,2661,13568092,81.23550678139658,0.30918127618828056,2
2024-02-02,Ambedkar Nagar,4058,3214,767,3324,77,27,67,2,136,633,3425,5592932,68.33249595508198,0.7117912393714066,5
2024-07-12,Karauli,3205,4063,1219,3065,-2077,28,64,0,115,698,2507,14980157,66.97901989288826,0.3525997758234443,3
2024-05-17,Patiala,4879,3160,1012,3757,707,33,65,5,45,1014,3865,5029892,91.45753481838227,0.8294412683214669,0
2024-07-01,Buldhana,4774,3525,943,4134,306,35,63,10,52,1597,3177,9570488,54.542701470033826,0.4668518470531492,0
2024-07-24,Bidar,3407,2866,1163,3783,-622,28,67,8,58,1792,1615,13853371,96.22350732818902,0.29083174052005106,1
2024-08-05,Purba Medinipur,4033,4060,1285,3762,-1312,30,62,8,142,932,3101,11913599,92.78193962706287,0.4486469621816212,5
2024-02-07,Raigarh,3499,3768,1216,4179,-1485,27,71,8,81,990,2509,11022214,50.29028756241056,0.4521777566648588,1
2024-01-10,Sambalpur,3221,4193,1214,3900,-2186,30,60,6,8,804,2417,9351526,63.92156640117161,0.5781944037796611,5
2024-06-24,Raigarh,3355,2585,1091,3164,-321,33,51,5,17,585,2770,8016272,97.07837197081074,0.4585672741643497,5
2024-08-25,Karbi Anglong,3408,3688,1001,3775,-1281,32,74,3,50,2184,1224,13267641,55.28129537001503,0.3534162553840581,4
2024-09-16,Nalgonda,3032,3444,993,3505,-1405,35,72,2,112,941,2091,6469134,63.040939841925834,0.6858723285064121,2
2024-04-01,Panipat,3824,2869,1193,3670,-238,34,51,9,93,577,3247,11538271,78.60764688850016,0.35204581344986613,4
2024-05-21,Koraput,3299,2654,907,3428,-262,30,57,1,46,168,3131,12832627,80.37924968976738,0.27749579256063467,2
2024-07-01,South Salmara-Mankachar,3655,3213,783,4638,-341,34,63,4,112,1750,1905,8227667,73.56214938040797,0.48567838246248907,3
2024-09-16,Latehar,4900,4033,1275,3820,-408,35,51,1,128,489,4411,9037435,91.81224381570583,0.5873347913428976,3
2024-05-10,Kurukshetra,3250,4280,711,3240,-1741,35,62,0,107,566,2684,13470441,50.64542481171595,0.37051496680769397,3
2024-09-18,Thane,4309,3912,788,3260,-391,33,56,2,35,157,4152,7534287,74.73094147439842,0.6238148347680411,3
2024-05-28,Banda,4859,3795,1480,3259,-416,30,58,2,102,1227,3632,9492031,96.36445087082215,0.5557293270533988,0
2024-04-01,Balrampur,3499,2928,1224,4120,-653,35,73,6,27,388,3111,5685321,74.70870895324707,0.7303017718788437,2
2024-07-13,Narmada,3711,3933,1396,3464,-1618,31,57,4,143,323,3388,14980298,68.86564981812958,0.35573391130136395,2
2024-02-07,Shrawasti,4436,3448,1130,3427,-142,31,53,1,186,1278,3158,6082139,69.56394386928257,0.752695721028408,4
2024-05-29,Panipat,4150,4017,1454,3747,-1321,25,53,2,28,1898,2252,11077980,52.0610443191991,0.4938625994991867,3
2024-05-15,Vidisha,4829,3972,1004,3457,-147,26,72,1,41,1025,3804,5141669,61.22715052743246,0.9677791394195153,1
2024-03-10,Kolhapur,3953,3176,1398,4722,-621,28,51,3,78,2342,1611,13014129,51.35947928911111,0.3514641663687213,1
2024-04-10,Khammam,3396,3806,1317,4596,-1727,35,79,1,103,2319,1077,11017909,97.49985939999614,0.46497025887579935,1
2024-04-08,Shahjahanpur,3900,4171,803,4823,-1074,31,59,2,32,731,3169,5305752,92.46471670170487,0.9374731423556925,2
2024-07-18,Virudhunagar,4998,4286,1222,4093,-510,32,56,3,155,1726,3272,11981639,73.2414519674842,0.4597033844868803,3
2024-06-20,Kondagaon,3413,2575,1049,3680,-211,33,51,6,8,742,2671,6940336,51.98683971569039,0.5221649211219744,4
2024-07-01,Rajahmundry,4647,4161,1009,3886,-523,25,67,10,155,428,4219,8360431,86.16982792069211,0.6183891715630451,3
2024-06-06,Ahmedabad,4002,3687,859,3454,-544,27,65,3,11,1715,2287,9040010,63.88372203901395,0.5028755499164271,5
2024-09-06,Bareilly,4678,2708,1046,3578,924,29,59,7,184,489,4189,7306222,61.31295293723012,0.5138086414565558,4
2024-05-20,Gadchiroli,4155,2630,1301,3632,224,30,78,3,155,1794,2361,5765193,79.20472692473948,0.6818505468940936,4
2024-08-29,Puri,4474,3983,1360,4989,-869,27,80,3,4,208,4266,8581458,52.49889746008196,0.6226214706172308,2
2024-08-14,Korba,3752,3478,1051,3590,-777,27,61,3,130,948,2804,12965992,98.4602724116449,0.34929837994655555,4
2024-10-26,Sambalpur,4265,3581,1013,4130,-329,32,78,4,98,1292,2973,6953196,67.48737314337856,0.6607033657615865,3
2024-04-15,Varanasi,4693,2768,1153,4063,772,26,63,0,71,1564,3129,9839063,98.35842870651454,0.39851355764263324,3
2024-10-03,Jharsuguda,3361,2528,1381,4662,-548,30,78,1,70,1684,1677,5938251,73.58064116292569,0.6582746333895284,2
2024-02-03,Perambalur,4440,4303,1411,3858,-1274,34,60,7,66,1161,3279,8776781,85.08513228230491,0.6510359549816727,0
2024-01-19,Churachandpur,3028,2700,813,4436,-485,32,51,7,26,2016,1012,13577449,88.9078566666241,0.2587378527439138,4
2024-01-02,Dungarpur,3370,2767,1399,3230,-796,28,80,10,96,1262,2108,14618378,99.4039509979267,0.28498373759386986,1
2024-07-20,Jhalawar,3064,3193,1407,3035,-1536,31,60,7,93,1626,1438,11730557,58.84500961582472,0.39213824202891645,0
2024-02-20,Supaul,4473,3422,1276,4773,-225,29,66,7,130,1329,3144,14667502,57.31576976184948,0.32029993928073097,2
2024-09-03,Bareilly,3828,3873,1468,4124,-1513,28,73,5,12,1408,2420,11660084,78.4074229167687,0.4580584496646851,1
2024-09-22,Tumakuru,4820,3112,1146,4217,562,29,59,2,108,1339,3481,11110849,68.43288258620177,0.3832290403730624,2
2024-03-31,Umaria,3730,3050,1453,3243,-773,32,50,4,62,1866,1864,14422328,84.98165512844551,0.3122242123463008,1
2024-05-06,Bathinda,4642,3832,1245,3687,-435,33,63,3,172,643,3999,5747897,86.13694429487984,0.8832795716415935,0
2024-02-14,Sheohar,3995,3638,1145,4842,-788,32,59,10,165,2380,1615,9755004,99.09603701184805,0.49031245912354315,3
2024-04-09,Daman,3142,3680,1373,4185,-1911,29,75,9,114,29,3113,14579530,69.8143756014743,0.34658181710933067,3
2024-01-30,Nagpur,3006,4099,1046,3169,-2139,29,59,8,60,1961,1045,11018567,54.163128207343966,0.4669391219384517,3
2024-08-17,Charkhi Dadri,3576,2832,728,3147,16,33,75,7,77,1063,2513,8377391,53.26539294606836,0.4249533058681396,5
2024-04-04,Peddapalli,3351,4408,1357,3499,-2414,28,63,8,21,2212,1139,9576732,85.22646386816211,0.6019798820725066,2
2024-07-06,Jayashankar Bhupalapally,4138,3878,765,4701,-505,30,51,4,102,542,3596,13705561,51.672349380994696,0.3387675995167217,4
2024-02-26,Sonipat,3752,3724,1087,3569,-1059,33,55,2,168,1233,2519,6534110,70.86965152340028,0.736290022665673,1
2024-10-08,Central Delhi,4905,4407,1114,4739,-616,27,52,2,169,2040,2865,9769100,53.796458157283226,0.565149297274058,2
2024-06-28,Kulgam,3189,3739,1409,3124,-1959,32,74,5,81,1330,1859,7733851,62.843884196030416,0.6656450971191454,2
2024-03-01,Gonda,4308,3795,780,4563,-267,29,67,5,107,1697,2611,5157820,51.90672726751004,0.8870026484057218,1
2024-05-31,Beed,3078,2685,994,3714,-601,33,75,7,101,245,2833,7745530,51.64949402706891,0.47498363572279756,1
2024-03-22,Morigaon,3296,2863,1487,3543,-1054,29,68,6,80,2411,885,5373765,84.19099854526873,0.8094883196418154,0
2024-10-12,Chamarajanagar,3496,3708,1407,4898,-1619,28,78,3,32,800,2696,6655752,65.33367786569191,0.7685082016277048,2
2024-06-19,Doda,4146,4292,1407,3216,-1553,34,80,0,38,2130,2016,11795451,60.03187136477602,0.48315236102460174,1
2024-01-08,Bemetara,3995,3181,1271,3683,-457,31,75,10,74,364,3631,7502306,78.24058447591801,0.5934175438858399,5
2024-02-10,Bareilly,4340,3553,1010,3763,-223,33,66,10,155,1244,3096,10020326,90.87615889561756,0.4553744059824002,5
2024-08-05,West Siang,3464,3714,1421,4075,-1671,28,70,8,92,1638,1826,11746480,58.396017050668476,0.4371522362443898,2
2024-06-14,Tirap,3118,3112,1290,3691,-1284,27,69,1,190,2387,731,7141266,82.10119000582995,0.6164173131206707,4
2024-05-27,Kokrajhar,3505,3755,856,4784,-1106,28,65,0,156,342,3163,9349075,79.4917343607303,0.4932038731104414,3
2024-02-02,Amravati,4275,2734,745,4773,796,33,67,2,7,1429,2846,12803308,92.34592864403143,0.27172665064372425,5
2024-09-24,Madhubani,4627,2765,755,3718,1107,30,71,7,170,1938,2689,7967319,63.36640064467036,0.44180482794777015,3
2024-07-27,Moradabad,4903,4287,1060,4650,-444,29,52,9,130,860,4043,7232321,68.74055647104399,0.7393200606001863,5
2024-02-28,Fatehabad,3705,2786,868,4197,51,30,77,7,26,2249,1456,5354399,93.72876041263378,0.6824295313068749,5
2024-06-26,Darbhanga,3909,4406,1226,3312,-1723,35,60,1,66,1252,2657,11077620,90.77957088299709,0.5084124568273691,0
2024-08-24,Udhampur,4486,2551,1159,4371,776,30,57,5,52,1897,2589,6991898,67.25855717387167,0.5306141479752708,0
2024-09-21,Debagarh,3602,3882,1069,4775,-1349,25,73,9,68,2038,1564,9278248,60.660904540648026,0.5336136736159671,4
2024-05-09,Malda,3986,3867,862,3339,-743,31,80,10,156,1605,2381,5096385,59.11053611959247,0.9279126282649368,3
2024-03-22,Lawngtlai,3403,2951,705,3992,-253,27,50,1,16,1363,2040,10969998,84.94707045847136,0.33327262229218274,2
2024-01-19,Bhilwara,4240,3143,1028,3399,69,35,63,7,35,271,3969,6089879,81.69989815184614,0.6849068758180582,2
2024-01-24,Kamrup Metropolitan,3828,4346,724,3953,-1242,30,65,1,193,632,3196,11685491,58.66968205146031,0.4338713709162927,4
2024-07-05,Ri Bhoi,4532,2702,1429,4365,401,26,73,5,58,2462,2070,6718542,66.52270029819326,0.6148655467212976,2
2024-10-30,Erode,3626,2968,1323,3745,-665,29,73,1,100,1230,2396,11360970,50.49410228835093,0.37769662273555865,4
2024-01-25,Kallakurichi,3983,4143,924,4242,-1084,33,70,8,196,1683,2300,8055891,65.59363927034272,0.6289807049276114,0
2024-10-23,Jamtara,3726,4181,1466,3547,-1921,29,77,4,145,2255,1471,14345747,89.05814177021715,0.39363582809595066,2
2024-08-18,Mumbai Suburban,4730,2632,981,4163,1117,32,72,6,0,2115,2615,14648641,70.54543439362797,0.24664404022188818,5
2024-04-09,Kottayam,4285,3510,1265,4429,-490,28,57,4,150,2308,1977,10557181,59.67602807102781,0.4522987718028137,3
2024-02-08,Upper Siang,4714,3533,747,3918,434,33,77,3,93,1653,3061,7964862,76.44477768704478,0.5373602204281757,0
2024-01-14,Pudukkottai,3142,4389,1038,3952,-2285,35,70,5,73,1624,1518,13577949,93.46719565132074,0.3996921773678779,0
2024-07-05,Haveri,3245,2872,1114,4723,-741,34,75,3,50,578,2667,11900148,53.45971743495947,0.33495381738109475,0
2024-08-15,Panna,3911,4461,1458,3969,-2008,28,64,2,20,66,3845,13128330,60.34735615014341,0.4508570396996419,2
2024-08-16,Buldhana,3181,4180,884,4056,-1883,33,67,9,9,1219,1962,12492436,71.16447629143897,0.40536529464709686,2
2024-10-20,Shrawasti,4142,4449,857,3109,-1164,27,77,7,180,1671,2471,7861100,94.49461084207138,0.6749691518998614,2
2024-01-29,Rajgarh,4126,2719,1057,4017,350,25,70,2,9,708,3418,6317798,51.07629653364248,0.5976765955480058,2
2024-05-21,Bahraich,3333,4009,1123,4196,-1799,32,80,2,23,1019,2314,12856529,62.94076585909791,0.3991746139257338,1
2024-09-23,Kalapeni,4893,3544,970,3758,379,28,73,10,8,1582,3311,9006271,57.2701786254944,0.5012063261254297,2
2024-02-05,Mau,4320,4061,956,4916,-697,35,79,8,193,2224,2096,14781773,71.01911768127309,0.3394044814515823,1
2024-08-21,Saharanpur,4414,3781,1432,3423,-799,34,68,9,68,891,3523,14525360,81.19621614569351,0.35888955592150557,4
2024-02-28,Mahe,4132,3226,896,3199,10,26,72,0,37,2270,1862,14067008,66.08107822744006,0.2930260649599403,2
2024-06-29,North Sikkim,3360,3478,1019,4982,-1137,26,68,8,190,1893,1467,10732553,81.27151881312071,0.41900561776867074,3
2024-08-03,Washim,3085,3899,862,3179,-1676,33,60,5,38,2077,1008,11864978,69.07870852117044,0.40126496652585447,0
2024-10-23,Mancherial,3869,4157,935,3547,-1223,25,63,3,44,830,3039,8881821,85.10669512160439,0.5733058569858591,2
2024-10-03,Dewas,3458,3172,1050,4683,-764,32,66,9,20,1568,1890,12415727,88.00345229898866,0.3400525800865306,2
2024-06-02,Junagadh,3846,4309,1285,4418,-1748,34,79,3,128,380,3466,5788777,97.9980404216027,0.9663526510003754,1
2024-08-31,Wokha,4506,3688,1136,4528,-318,29,74,2,136,115,4391,9027882,70.06204793756216,0.5343446004278745,0
2024-04-23,Navsari,3515,2829,772,4732,-86,28,70,9,136,1847,1668,8124869,92.72293428052099,0.4432071458629056,3
2024-01-20,Auraiya,3715,4298,921,3939,-1504,26,71,8,85,42,3673,7366312,82.15109818182593,0.7084956488402882,0
2024-05-30,Palnadu,4992,2662,1021,3649,1309,26,78,9,67,1147,3845,11581395,55.22131348498676,0.3180100497392585,1
2024-03-18,Balod,3554,2697,1455,3418,-598,25,77,9,16,949,2605,5558638,73.94640389306878,0.7469455647228692,1
2024-01-06,East Khasi Hills,4557,2573,1441,4569,543,32,58,5,165,369,4188,12732982,93.70981906735608,0.3152443001961363,0
2024-08-29,Bhandara,3084,3624,1337,4332,-1877,35,73,7,147,718,2366,7974868,66.91398150924104,0.6220792620015779,1
2024-02-12,Durg,3046,3628,984,3086,-1566,31,65,10,168,1068,1978,7486869,62.87992198288618,0.6160118468748418,2
2024-09-06,Hooghly,4936,3066,851,4227,1019,29,59,8,21,921,4015,13656429,78.94936801981325,0.2868246157176228,1
2024-04-08,Nabarangpur,3268,2740,991,4899,-463,35,58,8,3,1727,1541,12702065,97.33996576854108,0.2937317672362722,3
2024-03-14,Dindori,3875,3070,1282,4975,-477,28,51,8,31,1468,2407,10645930,88.65804322908161,0.40879472249019105,1
2024-03-19,Golaghat,3832,3783,1144,3862,-1095,28,66,8,89,144,3688,11406364,70.90896689055901,0.43195184723194874,1
2024-05-01,Kishtwar,4534,4299,1129,3377,-894,29,55,4,4,570,3964,9245851,84.3650305787281,0.5870741373617204,0
2024-01-18,Pali,3644,3678,981,3101,-1015,34,59,1,4,2113,1531,7129001,80.68594259830064,0.6535277523456653,0
2024-05-02,Ariyalur,3435,2744,758,4730,-67,30,63,2,112,1655,1780,5616118,86.3702017056822,0.6235623966590446,3
2024-06-29,Panna,4257,3754,1110,4328,-607,30,74,5,14,1606,2651,12569358,88.94491678438507,0.38697282709268044,5
2024-04-10,Jiribam,4017,2558,1142,3101,317,28,52,5,89,2008,2009,14533435,99.44245824858172,0.2545853750335003,1
2024-06-27,Nandurbar,4107,3280,1388,4196,-561,31,75,5,20,916,3191,10419821,99.60790111950348,0.44799234075134303,3
2024-08-13,Hazaribagh,3476,3331,1424,4723,-1279,30,71,6,160,936,2540,6772976,62.559367640707634,0.7020547540697029,5
2024-02-06,Cuttack,4569,3907,1094,3074,-432,35,75,1,33,2220,2349,7470263,83.6531868516928,0.6694543418350867,2
2024-06-24,Begusarai,4003,2586,1026,3541,391,35,69,10,162,2272,1731,7638713,87.2420870166714,0.4728545240539866,0
2024-07-17,Bhadradri Kothagudem,4479,2695,1020,3336,764,31,70,0,199,9,4470,11175569,79.43699196545593,0.3324215527638906,1
2024-01-22,Khunti,3232,4171,867,3888,-1806,25,77,7,167,2287,945,10992007,93.55403801778922,0.458333041454577,2
2024-01-18,Ramgarh,3236,3318,730,4038,-812,32,63,4,24,778,2458,13335253,64.25104174936033,0.30355629548235796,5
2024-05-10,Angul,4589,3411,889,3775,289,34,53,1,173,1122,3467,11193464,83.78536529818061,0.384152751998845,5
2024-10-20,Balod,3962,3630,948,4596,-616,29,53,0,136,1823,2139,6120689,69.57288438176222,0.7479550096402545,4
2024-03-07,Nagaur,3285,3608,1297,4038,-1620,28,51,10,33,1146,2139,7738818,80.23539131155425,0.6338177225514283,1
2024-02-28,Ludhiana,3620,3856,912,4455,-1148,32,52,5,126,1864,1756,8852583,73.83825019725236,0.5385998640170897,3
2024-04-18,Nabarangpur,3588,3005,1381,3674,-798,30,50,1,130,2203,1385,9761972,88.70421738173368,0.44929446632299297,3
2024-05-22,Varanasi,3930,2736,1079,3052,115,34,76,10,146,1447,2483,11020894,70.46419840280534,0.3461606653688893,5
2024-10-10,Hoshangabad,3169,2503,1423,3866,-757,33,64,8,39,1266,1903,12817890,51.61492922426887,0.3062906609434158,3
2024-07-23,Kottayam,3995,2771,837,3088,387,35,69,6,98,1590,2405,13071951,69.8404712025709,0.27601082653997094,5
2024-01-29,Nadia,4788,2615,1461,4442,712,28,65,6,119,2260,2528,5905406,80.12238966797608,0.6902150334794932,5
2024-02-15,Tiruchirappalli,4806,4312,765,4645,-271,29,73,5,102,387,4419,14127927,83.43366101460052,0.35935916146792096,2
2024-02-10,Morigaon,4423,4203,1208,3499,-988,29,59,3,192,320,4103,10818499,80.2775513777504,0.5001618061803214,5
2024-04-14,Jamtara,3718,3784,1119,3601,-1185,32,60,6,99,1105,2613,14238165,87.18405881597636,0.34435617230169757,3
2024-09-29,Alappuzha,3371,2836,1378,3017,-843,31,69,6,100,2454,917,13762192,92.13387893633525,0.30620122143332984,0
2024-07-12,Jind,4953,4369,750,3771,-166,31,55,3,43,1550,3403,9417737,72.31932808743585,0.543548837687865,2
2024-04-22,Khurda,3471,2708,1178,4303,-415,25,72,2,140,143,3328,8773566,66.13647248231017,0.4429213845316716,1
2024-02-28,Ahmedabad,4710,3571,926,4634,213,25,62,7,35,807,3903,6540372,73.61779158807883,0.6875755690960698,1
2024-02-06,Morena,3725,4482,972,3045,-1729,26,72,3,132,2125,1600,5841163,81.03554052607659,0.9337181653722042,2
2024-01-19,Godda,3603,2853,1287,4987,-537,27,66,1,154,1148,2455,6469145,53.12491304044408,0.6399609221929636,3
2024-05-30,Lakhimpur Kheri,4802,4217,1168,3111,-583,33,50,0,4,1115,3687,8449317,80.34723783455938,0.6373296208439096,2
2024-08-13,Jagtial,4292,4497,791,4279,-996,31,60,5,154,1050,3242,11964452,67.39486284250694,0.44197594674624463,4
2024-10-13,Raisen,4855,3170,1427,3687,258,34,65,4,107,629,4226,8783450,76.12537971416108,0.5233706573157472,2
2024-06-19,Lawngtlai,4541,4134,1492,4195,-1085,34,59,2,31,1989,2552,6117377,78.2225370995373,0.9196752137394835,5
2024-01-15,Ranchi,4069,3609,963,3177,-503,29,58,4,182,1581,2488,13802360,87.90519271324376,0.3312476996687523,1
2024-08-23,Mancherial,4054,3103,1111,4877,-160,33,69,1,50,1642,2412,10905051,85.37263073794948,0.3864264367035055,1
2024-07-30,Ballari,3772,2555,921,3701,296,35,73,4,50,641,3131,12278876,52.33519641925331,0.2830878005446101,1
2024-08-10,Saran,4931,4053,834,3053,44,31,70,1,43,1597,3334,7298673,94.54950567858555,0.6695737704648502,0
2024-10-02,Karur,3368,3932,1478,3650,-2042,28,69,9,143,2254,1114,8609242,78.45797811605752,0.6283944626019341,0
2024-07-26,North West Delhi,4198,3866,1366,3443,-1034,25,80,9,77,1508,2690,13704054,88.0565025811417,0.3817848353487224,0
2024-10-28,Pratapgarh,4007,4410,1027,4764,-1430,25,79,9,141,818,3189,7238134,81.35069246522288,0.7511604510223215,4
2024-10-22,Nuapada,3367,3722,1436,3942,-1791,32,63,0,121,1636,1731,8960288,57.248232390637824,0.5756511397847927,1
2024-05-15,Bhadrak,3249,4203,1051,4825,-2005,32,61,5,173,1052,2197,12796275,99.97907576119702,0.4105882375925807,1
2024-07-14,Bengaluru Urban,3460,3863,1450,3776,-1853,35,72,5,157,1306,2154,6798040,65.799343621705,0.7815487993598155,4
2024-08-09,Karimganj,4979,3360,988,3689,631,28,69,2,61,607,4372,13759910,54.21223782658634,0.3159904388909521,4
2024-05-06,South Salmara-Mankachar,3778,3126,1338,4530,-686,25,52,3,86,2450,1328,8982719,91.5841635962638,0.4969542072951408,0
2024-02-16,Aurangabad,3568,3420,1403,3195,-1255,25,79,8,110,1299,2269,14416637,69.43559448297478,0.33454404102704394,1
2024-03-20,Adilabad,3379,2557,1336,3072,-514,31,52,6,64,1116,2263,13245164,71.16275701778493,0.29391859549643934,2
2024-05-10,East Sikkim,3000,3604,1247,4782,-1851,33,78,6,92,1454,1546,14823158,59.893248497008166,0.327258199636002,3
2024-01-21,Patiala,4786,4348,1181,3743,-743,30,71,1,128,864,3922,9155901,94.26273206792871,0.6038728465936886,4
2024-04-07,Begusarai,4236,3577,1296,4399,-637,32,77,3,192,63,4173,13389760,82.42282636718708,0.3639348278087135,3
2024-09-06,Bhadradri Kothagudem,3354,2920,965,4931,-531,34,76,5,3,1154,2200,8876160,71.7939336400821,0.4376892710361237,2
2024-08-27,Jehanabad,3401,3989,1306,3441,-1894,33,53,2,103,1304,2097,5018683,77.14585295590199,1.0550576715046558,0
2024-08-13,Narsinghpur,3430,3084,1489,3948,-1143,33,59,0,52,1698,1732,8816078,69.63897116771089,0.5187113816370499,5
2024-07-19,Bulandshahr,3540,3007,1452,3269,-919,35,80,3,98,1846,1694,5692290,93.48417590854106,0.7833402725440903,1
2024-02-20,Jangaon,3179,4078,1261,4968,-2160,27,57,6,10,833,2346,8665133,56.97855209834557,0.6161474959472636,1
2024-09-18,Sarguja,4158,3148,1437,3793,-427,32,72,3,129,1562,2596,10209063,67.93103945368799,0.4491107558058952,5
2024-05-07,Pulwama,4357,4336,1231,3175,-1210,32,52,9,163,1502,2855,14156320,80.83735020226653,0.39325191857770947,3
2024-10-16,Panipat,3064,4329,1216,3614,-2481,32,77,2,85,1158,1906,13807311,78.04961715964373,0.4015988341249067,0
2024-01-02,Ratnagiri,4408,3683,776,4950,-51,30,73,9,74,735,3673,8762956,99.24816066218469,0.5088465581705534,5
2024-06-08,Leh,4892,3967,993,4852,-68,27,53,6,188,2003,2889,10508888,72.7426455463593,0.4719814313369788,4
2024-07-24,Gurugram,4023,4433,893,3284,-1303,26,76,4,21,1451,2572,6975619,92.97930121968994,0.7635164707246769,1
2024-04-10,Parbhani,3360,3148,1135,4426,-923,31,71,8,168,1934,1426,14178215,70.6816054960299,0.30208316067995866,3
2024-03-06,Sheikhpura,4225,3459,1208,4232,-442,27,78,1,77,2456,1769,7661875,92.92730826634488,0.6091198303287381,3
2024-07-16,Bapatla,4314,3527,1201,4128,-414,32,66,7,82,821,3493,9666771,65.29160616226208,0.4890981693887235,2
2024-10-30,Anakapalli,3265,4432,1060,3568,-2227,33,69,3,127,249,3016,5222050,68.2690790096571,1.0516942580021256,4
2024-02-11,Yamunanagar,3342,3209,967,4030,-834,27,68,4,49,1328,2014,5966030,61.52706709850872,0.6999629569412156,2
2024-08-03,Rajnandgaon,4190,3580,1355,4249,-745,35,76,8,186,2257,1933,9475697,83.32348975253538,0.5208060156419101,3
2024-02-22,Majuli,3099,3041,1383,4454,-1325,26,56,1,139,1957,1142,6567649,75.54840025436802,0.6736048165789615,2
2024-04-30,Dhule,3011,3099,1109,3090,-1197,30,74,7,164,2059,952,10538111,95.61939927768594,0.399312552316065,1
2024-01-17,Muzaffarpur,3697,4340,1123,3256,-1766,33,63,9,10,1362,2335,5833218,56.513469426076746,0.9365328023056912,5
2024-08-28,Narsinghpur,4023,3164,1251,3355,-392,25,51,2,90,1278,2745,11599861,54.13934611166492,0.38060800900976316,5
2024-09-01,Ahmednagar,4405,3670,1152,3485,-417,27,58,1,46,211,4194,5752234,72.18342847904869,0.8382830044813894,5
2024-01-18,Kondagaon,3797,3665,1434,4638,-1302,29,76,8,32,659,3138,10370920,90.81922396120046,0.49166322756322484,0
2024-07-06,Kodagu,3770,3864,1344,3883,-1438,34,63,9,107,605,3165,8739871,69.70454288200781,0.5958898020348355,1
2024-03-30,Jaunpur,3838,4367,1291,3993,-1820,35,65,1,7,1978,1860,8022230,91.37827885726713,0.7052901749264232,4
2024-04-30,Muzaffarpur,4138,3007,1414,4202,-283,29,65,5,167,528,3610,5063144,57.80667734745249,0.8731728744037301,2
2024-03-31,Pune,4377,4055,881,3926,-559,31,51,5,1,179,4198,12114039,70.95984480104983,0.4074611283651968,3
2024-09-21,Chatra,3294,2555,999,3436,-260,25,79,4,35,1099,2195,7679308,82.96532788401005,0.46280211706575647,0
2024-05-15,Rohtak,3350,3708,782,4470,-1140,25,78,7,46,1953,1397,6966766,59.49615577029338,0.6444884182991075,3
2024-02-17,Rajahmundry,3043,2615,947,4239,-519,29,76,9,48,2111,932,14316921,90.4327563573606,0.2487965114845573,5
2024-01-11,Lakhisarai,4809,2725,1168,4730,916,25,73,3,39,2125,2684,6652997,68.30718400833958,0.5851498204493404,2
2024-06-01,Katni,3520,3421,945,4203,-846,30,60,1,95,2335,1185,7707252,92.80960855117308,0.56647946635195,3
2024-10-13,Tirupati,4761,2723,1193,4906,845,29,56,9,70,373,4388,12494328,56.96350889192935,0.3134222184658511,3
2024-04-14,East Kameng,3732,4023,1132,3985,-1423,30,60,2,136,1330,2402,7685444,82.53887524436087,0.6707484954675358,2
2024-08-15,Andaman,3323,3828,1050,4361,-1555,29,62,7,117,790,2533,13774459,53.241232819695846,0.3541336904774264,3
2024-06-22,Kanyakumari,3943,3737,1448,3407,-1242,33,72,5,105,915,3028,9739370,50.82480864792966,0.5323752973754976,5
2024-03-03,Mungeli,4127,3188,1193,3204,-254,26,72,10,152,422,3705,10600621,58.501090713926146,0.4132776749588538,4
2024-02-23,Parbhani,4606,4163,812,3100,-369,30,56,8,49,965,3641,13720183,73.41947738836902,0.3626044929575648,0
2024-05-22,Kheda,3619,4287,1421,4939,-2089,29,79,3,189,280,3339,7315387,81.62848963652355,0.7802731420771041,4
2024-10-11,Kupwara,3708,3389,1312,3835,-993,25,79,10,100,767,2941,6805924,51.09871093473852,0.6907217888416033,2
2024-01-07,Shahjahanpur,3143,4136,1329,4086,-2322,29,56,1,115,180,2963,5958859,89.02694114914652,0.9171218852468233,3
2024-01-26,Ranchi,3444,4379,909,3163,-1844,35,61,6,99,2155,1289,11691034,91.15061579936719,0.4523124301922311,0
2024-10-27,Warangal Urban,4082,3931,966,4325,-815,28,62,8,50,118,3964,14640689,57.90779142617077,0.3344787939966487,5
2024-01-21,Mumbai Suburban,4386,2869,735,4733,782,32,56,2,116,1636,2750,11855290,65.15178504792654,0.3039993116996716,3
2024-10-15,Shopian,3465,2724,796,3775,-55,31,61,0,62,2162,1303,9729072,85.76047757472404,0.36180223560890495,5
2024-03-30,Siddharthnagar,4206,2925,1485,4914,-204,27,62,6,83,418,3788,11625246,88.38359447272494,0.3793468112416718,4
2024-08-18,Vijayapura,3937,2912,1177,4793,-152,28,78,8,116,763,3174,6565688,98.00071302254585,0.6227831721519511,4
2024-03-26,Katihar,4045,3774,1003,4498,-732,29,54,0,150,457,3588,8109594,67.24144679743401,0.5890553830438366,4
2024-02-27,Hailakandi,3119,2681,1276,4009,-838,28,77,3,99,2076,1043,5418910,66.14261127932319,0.7302206532310003,4
2024-04-30,Munger,4297,3331,930,3439,36,32,54,7,164,524,3773,9258097,89.03864113382389,0.46024577189027077,2
2024-10-12,Darjeeling,4013,3048,1198,3915,-233,25,60,2,152,2035,1978,13972244,52.062181650128416,0.3038881943372876,4
2024-02-09,Jamtara,4935,3161,1264,3917,510,31,61,3,25,1274,3661,8427768,79.83474816322654,0.5250500488385538,2
2024-08-05,Amravati,4523,4135,1246,3931,-858,33,71,0,45,1528,2995,12309737,98.13299037454925,0.4371336284438896,4
2024-01-18,Udham Singh Nagar,3012,2779,1032,4477,-799,35,66,6,174,2455,557,11538041,75.0901678826325,0.3302987049534666,3
2024-03-25,Katni,3118,2813,839,4332,-534,27,61,5,33,1235,1883,8373020,96.51233786261356,0.43616281819462993,1
2024-01-28,Idukki,3303,3879,1304,3759,-1880,34,79,9,198,323,2980,8358207,91.47435362357268,0.6201090736326583,0
2024-07-29,Botad,4491,4037,1096,3476,-642,30,55,9,173,1564,2927,8098610,83.70769534262229,0.6338124690533314,2
2024-02-15,Chandrapur,4602,2532,1214,3168,856,34,50,1,22,2093,2509,5930616,96.52146292103471,0.6316375904290549,2
2024-03-03,Tapi,4534,2614,873,4431,1047,26,50,4,103,1148,3386,9569973,53.56346644489163,0.3643688440918276,3
2024-09-09,New Delhi,3761,3284,1025,3822,-548,27,53,3,147,345,3416,10954514,80.12602613735636,0.39335382655953516,3
2024-05-13,Karauli,4695,2661,814,4199,1220,25,50,0,73,2056,2639,13607285,77.56401557057174,0.25537790970057583,3
2024-01-29,Pathanamthitta,4620,3547,1094,3144,-21,25,73,4,73,2196,2424,9658157,82.51897714241764,0.480526460690171,0
2024-06-18,Panipat,3058,4040,879,3636,-1861,32,62,5,26,189,2869,11910085,94.17090766667383,0.4130113261156406,3
2024-10-24,Jalandhar,4613,4469,894,3046,-750,28,61,10,96,2077,2536,11543460,69.44177928375836,0.4645920720477223,4
2024-04-28,Lunglei,3022,3169,1403,3938,-1550,25,71,3,68,2489,533,6197996,55.30411849277233,0.7376577848711099,0
2024-01-29,Akola,3087,3341,1038,3697,-1292,31,79,8,63,6,3081,6791365,52.695655589358594,0.6447893759207465,4
2024-08-23,Anuppur,4683,3321,743,4738,619,32,72,10,4,2248,2435,11442734,76.47600789756186,0.3551598770014229,2
2024-05-16,Kaithal,3209,3345,1032,3742,-1168,35,56,8,184,1122,2087,10640578,67.09374675708239,0.4113498345672575,5
2024-07-05,Nasik,4956,2663,1092,4241,1201,25,68,1,9,212,4744,9708104,72.91337370492523,0.38679025276202234,1
2024-09-30,Imphal East,4367,2628,1112,3227,627,30,59,10,128,296,4071,6939510,83.26908263506195,0.5389429513034782,5
2024-09-11,Unnao,4558,3619,1429,3580,-490,29,51,3,82,152,4406,6851318,74.00962442068445,0.7367925412307529,1
2024-09-13,Mumbai City,3467,3697,990,3351,-1220,26,79,10,133,428,3039,7147656,78.73513214863316,0.6557394480092495,0
2024-04-17,Singrauli,3250,2602,1184,3802,-536,27,53,8,104,322,2928,6487389,96.33534471439808,0.5835938002176222,4
2024-02-01,Mumbai City,4713,4474,1145,3615,-906,27,62,2,24,2457,2256,12486974,96.2139732998542,0.4499889244583996,3
2024-08-19,West Singhbhum,3664,3769,1382,4475,-1487,30,54,2,71,269,3395,12133245,73.23366851090988,0.42453605774877207,0
2024-04-02,Koria,3109,2518,1006,3283,-415,25,74,10,105,600,2509,8862462,67.70622840865569,0.397632170383354,2
2024-06-09,Sehore,3550,4332,1035,3798,-1817,31,53,2,10,836,2714,11577778,52.005943541323774,0.4635604517550777,4
2024-10-19,Komaram Bheem Asifabad,3658,3815,795,3843,-952,33,54,9,147,266,3392,13026260,71.7336843342691,0.35390050559408454,0
2024-09-17,Ahmedabad,3743,3802,1118,4619,-1177,25,56,3,92,264,3479,8243650,77.96092244466013,0.5968230092252824,4
2024-09-18,Beed,4374,4490,1491,4171,-1607,35,75,5,71,1847,2527,10159305,96.84585480328391,0.5887213741491174,1
2024-08-02,Muktsar,3642,3533,1075,3665,-966,25,60,9,184,1076,2566,13347994,56.235935201786646,0.3452204128950013,1
2024-09-29,Shrawasti,4503,4014,1137,3394,-648,35,54,1,137,2056,2447,12451478,63.422400313395656,0.41368582910398266,5
2024-06-21,Kathua,4940,2898,998,3588,1044,30,60,10,22,94,4846,9562190,55.607705589328894,0.40743804505034936,5
2024-02-23,Dholpur,4171,4324,754,4058,-907,25,57,7,20,329,3842,11340999,51.38562803667721,0.4477559692933577,1
2024-02-24,Champhai,4267,3763,1012,3460,-508,29,66,5,176,1069,3198,10958404,60.57151652383633,0.4357386349326052,0
2024-03-06,Nasik,3756,2754,1123,3348,-121,29,67,7,56,1457,2299,12907393,51.59676896294308,0.3003704930964758,1
2024-08-05,Mehsana,3707,3588,1217,4824,-1098,29,62,10,117,394,3313,11805074,57.57471441318093,0.40702836763242656,2
2024-09-17,Anakapalli,3574,3812,1474,3039,-1712,30,55,7,10,159,3415,7849794,61.28407765831242,0.6733934673954501,0
2024-09-21,Namakkal,3959,2813,958,4579,188,28,72,3,42,509,3450,8380176,95.80029413921979,0.44999054912450526,1
2024-09-17,Cachar,4992,2962,812,4020,1218,28,59,1,149,395,4597,12972727,51.45131356179778,0.2909180159267978,0
2024-01-30,Sabarkantha,4550,3710,905,3224,-65,35,64,6,15,770,3780,12968559,91.10290186865343,0.35586066269968775,4
2024-10-02,Yavatmal,3519,3895,1327,3705,-1703,35,69,5,15,1081,2438,12958063,81.43120729794843,0.4029923299493142,1
2024-02-09,Sonipat,4813,3227,1399,3418,187,31,67,9,15,116,4697,8188691,51.143305119727,0.5649254563397251,0
2024-05-24,Anantnag,4722,2819,1392,4184,511,32,58,1,1,698,4024,13628276,96.59109197623258,0.30898992653216006,0
2024-03-03,Ambala,3277,3880,1013,3881,-1616,32,50,8,56,1703,1574,13430193,58.155567452363584,0.364328345839855,1
2024-08-03,Bijapur,4625,3476,879,4997,270,31,66,6,151,435,4190,8377201,79.39423707235761,0.5198633768009148,2
2024-09-30,Imphal East,3338,4437,752,3831,-1851,26,69,9,177,455,2883,5034725,82.79475384792103,1.030642189990516,2
2024-01-27,Chandigarh,3748,4246,899,3363,-1397,25,61,7,81,784,2964,7205924,58.037059552341695,0.7139958733952787,2
2024-08-07,Thiruvananthapuram,3550,4200,1101,4747,-1751,32,57,7,25,822,2728,8046717,89.72445849852073,0.6587779836174181,4
2024-01-25,Wokha,4141,4314,1252,4652,-1425,30,52,3,38,2119,2022,9429750,81.81821928810444,0.5902595508894721,3
2024-01-09,Lakhisarai,4669,2975,973,3004,721,29,73,4,102,650,4019,6941981,93.45726779536975,0.5687137432384214,1
2024-04-11,Indore,4776,3664,1211,3102,-99,31,65,2,161,2266,2510,8606742,75.43599241305229,0.5664164209871749,2
2024-02-04,Nanded,3552,2860,701,4402,-9,33,56,6,0,2289,1263,7429169,74.17881557292512,0.4793268264593254,4
2024-07-31,Fatehpur,4397,3807,1430,4121,-840,31,64,8,119,130,4267,12442007,92.12506914526631,0.42091279967934436,1
2024-06-17,North West Delhi,4088,3681,1457,4486,-1050,30,60,0,132,259,3829,13402404,64.62427248239634,0.3833640591643111,3
2024-06-30,Jhabua,4621,2591,771,3606,1259,32,65,4,117,769,3852,6089954,87.40876319681229,0.552056715042511,5
2024-07-01,Mamit,3864,4219,831,4499,-1186,30,52,8,51,86,3778,13088133,73.06817545693076,0.3858457122952525,2
2024-09-05,Kachchh,4324,3272,1249,4789,-197,29,75,2,106,1952,2372,13818584,89.0714774866412,0.3271681092650303,1
2024-08-20,Palghar,3011,4398,915,3940,-2302,27,77,5,27,953,2058,5967608,78.6903216700763,0.8903064678511055,0
2024-06-14,Thrissur,3122,3484,1128,4330,-1490,34,51,2,137,564,2558,11078812,93.42993792985544,0.41629012208168165,2
2024-06-29,Kendujhar,4122,4235,1140,4694,-1253,28,52,1,83,1848,2274,12197294,81.76659631649828,0.4406715128781843,5
2024-06-21,Lakhisarai,3418,2775,1366,3398,-723,26,77,6,106,642,2776,14598759,75.88122832916379,0.28365424759734714,3
2024-01-09,Mungeli,4694,2538,1135,3733,1021,35,61,0,14,2259,2435,12449858,68.79625897241277,0.2950234452473273,1
2024-01-05,Karimganj,4469,2930,1367,4113,172,34,75,6,49,1582,2887,5243416,96.42154792882073,0.8195039264479492,5
2024-04-29,Kamjong,4110,2968,1187,4702,-45,35,60,8,43,374,3736,12096843,95.34645071244746,0.3434780462968727,1
2024-04-22,Bokaro,4862,4053,1372,4579,-563,32,52,3,100,141,4721,11085556,87.303881014868,0.48937554417658435,1
2024-03-15,Haridwar,4589,2927,1128,4676,534,29,55,3,49,1513,3076,14176897,67.98545826213662,0.2860287409861269,5
2024-10-04,Raichur,4770,3983,1472,3000,-685,31,54,2,167,2427,2343,6690000,73.50467428303534,0.8153961136023916,2
2024-09-14,Uttara Kannada,4383,2997,987,4732,399,31,72,4,183,13,4370,5326362,74.96936647635388,0.7479777003515721,0
2024-06-12,Etawah,4200,4025,1236,4040,-1061,29,72,6,194,433,3767,9726428,74.98823952270143,0.5408974394299737,3
2024-10-12,Kolhapur,4215,2929,739,4844,547,35,63,8,97,595,3620,11227423,67.72810010586701,0.32670008068636947,3
2024-05-25,Ashok Nagar,4285,3673,855,3706,-243,32,76,9,144,158,4127,8653386,58.60035265905059,0.5232633792136396,1
2024-08-26,Dantewada,4654,2666,1204,3222,784,28,65,1,37,2425,2229,7210587,93.51573746369192,0.5367108114776231,4
2024-09-15,Mon,3137,4165,1323,3236,-2351,33,54,0,20,1847,1290,7637052,91.19255827684424,0.7186018898391683,3
2024-03-23,Kokrajhar,3094,4057,1453,3980,-2416,26,69,3,160,296,2798,14465975,55.77882764676057,0.38089378697253384,0
2024-10-23,Beed,4791,3090,1356,3130,345,34,69,3,151,851,3940,14693480,73.5449117835086,0.302583186556214,1
2024-05-20,Azamgarh,4068,3110,1324,4094,-366,25,73,7,172,970,3098,14664713,51.86772244809635,0.30235845733905603,5
2024-07-10,Rajnandgaon,3792,3878,848,3271,-934,27,80,4,82,84,3708,5124278,54.34598389138653,0.922276269944761,2
2024-03-22,Chhindwara,4248,2770,971,3614,507,34,60,6,8,1377,2871,14242977,84.40111173345687,0.26265576360897025,1
2024-03-15,Kottayam,3336,3299,1221,4937,-1184,25,77,5,25,1257,2079,7510795,96.57039878763379,0.6018004751827203,4
2024-03-12,Beed,4915,2575,725,3285,1615,31,55,8,23,2310,2605,12413353,55.280685537327386,0.2658427581975636,0
2024-04-25,Tirap,4764,3229,1127,3250,408,28,73,7,1,708,4056,10183290,73.81897552093386,0.427759594394346,2
2024-01-07,Arwal,4551,3303,1187,3768,61,31,53,3,160,458,4093,13073586,85.03236764496563,0.34344058317281884,5
2024-08-17,Bemetara,4222,2989,1209,3151,24,35,68,8,84,523,3699,12065619,87.3947273223429,0.34793076094976977,1
2024-03-24,Haveri,3570,3695,1351,3809,-1476,33,79,10,33,171,3399,9025202,55.149000279597985,0.5591010594555114,2
2024-04-22,Darrang,3445,2580,1452,3861,-587,33,77,2,165,1442,2003,14633246,99.84087791935056,0.2755369519517406,5
2024-02-06,Ambedkar Nagar,3261,3239,1321,4645,-1299,29,53,5,93,939,2322,5174123,71.64093869907276,0.8813087744531778,2
2024-04-18,Deoria,3358,3256,1425,4944,-1323,27,52,4,44,596,2762,12676582,66.02537646916147,0.3692635759386876,2
2024-02-27,Bhandara,3809,3073,1330,3458,-594,31,71,3,117,34,3775,10714991,52.77189543043341,0.4109196171979986,2
2024-05-26,Kupwara,4741,3017,1056,3659,668,25,80,7,162,283,4458,7248045,88.98604038337416,0.5619446347256397,0
2024-02-25,Bemetara,3955,3014,724,4427,217,34,65,6,129,779,3176,12481248,98.6253767794332,0.2994892818410467,4
2024-10-07,Raigarh,4981,3713,1285,3110,-17,28,77,6,29,639,4342,12186421,60.00187803422354,0.4101286177459322,0
2024-10-16,Jamnagar,4028,3158,989,3395,-119,33,53,10,136,129,3899,11376278,61.314958601297604,0.36453047297191576,3
2024-03-16,Kulgam,4193,3848,1157,3771,-812,28,68,5,137,58,4135,8428605,70.82457169507794,0.5938111941418538,5
2024-02-13,Agatti,3526,2569,1414,3017,-457,29,59,5,129,1366,2160,13964476,81.04799080381927,0.2852237348540683,5
2024-05-09,Purba Bardhaman,3356,2697,1495,4802,-836,26,79,4,29,238,3118,9321995,54.40367353094251,0.4496891491574497,3
2024-10-16,Kulgam,4496,4355,1229,4794,-1088,33,78,4,81,365,4131,11170884,88.7205830672834,0.4998709144236034,0
2024-10-13,Gir Somnath,4608,4346,1108,3964,-846,34,73,5,191,1599,3009,10571114,55.88467913297153,0.5159342714495369,4
2024-10-03,Bundi,3909,3756,1374,3299,-1221,34,79,1,160,2113,1796,9283474,95.42775230271059,0.5525948583472093,5
2024-02-25,Mehsana,3139,2642,1073,3190,-576,33,54,1,3,1458,1681,6755015,83.41548772725594,0.5499617691448502,4
2024-07-27,Janjgir-Champa,4908,2786,782,4961,1340,27,76,7,27,431,4477,9073347,85.79274621500133,0.39323967219593825,2
2024-09-28,Morbi,3953,2957,1447,3457,-451,29,72,3,151,1512,2441,5208961,93.34146942310825,0.8454661111880085,1
2024-01-03,Mau,3424,2851,752,4411,-179,31,75,3,135,1528,1896,14556223,72.52711940601566,0.24752300098727534,0
2024-07-27,Rajgarh,4573,2612,933,3876,1028,26,53,10,97,1454,3119,13049316,86.72149052257026,0.2716617484012189,4
2024-08-19,Lunglei,3605,3704,1464,4237,-1563,25,70,7,72,36,3569,13250054,56.68397825659124,0.39003614626778127,2
2024-03-12,Kamle,3624,4165,1357,4608,-1898,30,73,4,24,1719,1905,7322672,72.10553179624142,0.7540963189393162,3
2024-05-23,Tiruchirappalli,4192,3282,1071,3941,-161,30,50,6,134,1998,2194,5965276,62.39289233482624,0.7297231511165619,1
2024-09-03,West Siang,4229,4484,1370,3479,-1625,32,52,6,36,1276,2953,6351005,75.44922450564712,0.9217438814801752,4
2024-06-20,Rewari,4058,4390,863,3195,-1195,30,60,8,2,1525,2533,7471287,95.8843058746098,0.7030917163267855,1
2024-04-21,Deoghar,3063,4085,1171,3345,-2193,35,70,7,92,1962,1101,12320292,98.92828699183474,0.426613265334945,4
2024-03-05,Jamtara,3326,2553,1236,4691,-463,34,73,6,6,458,2868,11779205,72.49493183197306,0.3216685676155564,1
2024-10-22,Sahibganj,4625,4322,1463,3216,-1160,33,57,4,116,1852,2773,6367919,90.6467010547394,0.9084600479371675,0
2024-07-04,Surat,3416,2898,918,4551,-400,25,69,10,62,2494,922,13590639,89.3293930714546,0.2807814996778297,4
2024-02-15,North 24 Parganas,4997,2793,1104,3136,1100,33,75,4,110,1967,3030,12990534,93.43824376784887,0.2999876679434425,0
2024-09-30,North Delhi,3605,3664,862,4411,-921,34,71,5,43,1379,2226,5569765,90.6266652912195,0.812601608865006,2
2024-08-14,Srinagar,4636,4003,1495,3654,-862,25,70,2,175,1360,3276,12733644,73.24686293012122,0.43176957043875264,0
2024-01-03,Bhiwani,3985,3437,1119,3003,-571,25,67,2,107,883,3102,14413007,78.92892045846806,0.3161033641349095,4
2024-05-21,Nasik,3063,3785,763,4158,-1485,25,54,9,72,500,2563,7974854,51.614668944012536,0.5702925721273392,3
2024-06-25,Lawngtlai,4718,3097,1182,3046,439,32,50,2,65,562,4156,6276475,66.79048047248403,0.6817520981123959,4
2024-04-26,Muzaffarnagar,4519,3572,1319,3416,-372,26,76,3,78,717,3802,9748321,65.63905045509645,0.5017274256766884,5
2024-06-03,Agar Malwa,3568,3710,828,3194,-970,30,72,0,38,2296,1272,5302602,85.14241873996826,0.8558062626612369,3
2024-04-05,Chikkamagaluru,3537,2908,954,4746,-325,27,77,8,21,850,2687,6320917,88.1108894241406,0.6109872982037259,5
2024-06-27,Bishnupur,4105,3220,854,3490,31,29,59,9,161,2495,1610,7829951,61.27485058288574,0.520309769499196,2
2024-03-29,South Sikkim,3364,3910,999,3783,-1545,32,79,3,86,2352,1012,14518928,53.37449738175394,0.3381103618669367,4
2024-08-02,Amethi,4822,3343,1481,4939,-2,32,69,10,54,2458,2364,8927903,95.25142431270449,0.5403284511491668,2
2024-02-07,Saiha,3187,4222,896,4183,-1931,34,76,10,186,2206,981,10377483,63.43263643957033,0.4931831736077043,0
2024-02-18,Udupi,4250,2972,1295,4072,-17,32,70,10,20,1,4249,7739442,56.390850195103354,0.551331736835808,0
2024-05-25,Sheopur,3269,2504,1150,4247,-385,27,51,8,144,1699,1570,13905210,78.60381285382917,0.2627792029030845,4
2024-08-18,Bankura,3542,3127,1272,3486,-857,34,57,3,22,1542,2000,12973068,71.80788189277004,0.33908709952032934,0
2024-08-16,Nuh,4192,4319,1184,3278,-1311,35,55,3,177,572,3620,9131299,97.85874146724436,0.6026524813172802,3
2024-08-29,Virudhunagar,3484,4449,729,3614,-1694,26,51,9,126,1205,2279,7500309,71.67956042355523,0.6903715566918643,3
2024-05-23,Purulia,4805,2637,1052,3296,1116,27,65,5,53,37,4768,13992880,83.97299106852964,0.26363407675903744,2
2024-02-23,Mulugu,3992,3091,1225,3387,-324,28,60,5,105,1725,2267,6615235,85.3186186886069,0.652433360266113,0
2024-09-02,Rajanna Sircilla,4243,4200,884,4033,-841,34,76,8,26,714,3529,13250480,91.90038238099538,0.3836842137039564,1
2024-07-02,Akola,3723,3810,1361,3475,-1448,28,75,6,167,2419,1304,9382685,76.11716002766813,0.5511215606193749,3
2024-03-19,Buldhana,3524,3724,979,4073,-1179,31,66,7,149,1191,2333,12589513,80.4101964430011,0.37356488690229717,4
2024-04-07,Osmanabad,4554,4145,941,4018,-532,30,61,10,51,463,4091,8101677,93.44732328489746,0.627771262665742,5
2024-06-19,Salem,3243,4309,1288,3021,-2354,34,62,2,76,940,2303,6627787,99.73742187491735,0.8444749356006763,3
2024-07-11,Raipur,4448,2968,1436,3477,44,25,73,8,166,1646,2802,11937145,79.38471256398059,0.36893243736253517,5
2024-02-09,Kakinada,3148,3503,849,4142,-1204,31,75,0,159,176,2972,5825064,81.07828682319268,0.7471162548600324,3
2024-10-30,Senapati,4022,4226,1140,4202,-1344,27,58,9,162,1046,2976,8797943,91.66985631166692,0.6099152949729272,3
2024-04-05,Pithoragarh,4144,3245,1143,3236,-244,29,65,8,196,688,3456,8690503,66.63918639100898,0.5049189903047039,5
2024-10-05,Raigad,4089,3258,783,3508,48,30,69,6,159,783,3306,5608201,68.53776580155652,0.720551920303855,5
2024-01-07,Satna,3026,3036,1098,4623,-1108,30,53,7,61,533,2493,8180825,84.58190679418188,0.5053280078720667,4
2024-09-21,Mungeli,4191,3348,886,3492,-43,35,79,5,30,1280,2911,5371643,85.39039575274558,0.7882132152118076,2
2024-09-05,Samba,4643,3008,858,4108,777,29,78,7,142,1321,3322,12666258,53.683084731779985,0.3052203736888985,0
2024-01-17,Thane,3992,3797,1154,4792,-959,30,67,2,40,2033,1959,6646747,82.89982986062088,0.744875651202009,0
2024-04-14,Barabanki,3905,3058,943,4952,-96,32,64,4,42,1033,2872,7124257,89.07087933098249,0.5616024239439986,4
2024-09-11,Nasik,4790,2638,1069,3235,1083,30,72,2,132,35,4755,5999327,86.8153017159553,0.6179026414129452,3
2024-01-02,Nandurbar,4144,4298,1112,4726,-1266,31,69,3,99,471,3673,5424674,51.057791899336365,0.9972949526552194,5
2024-01-30,Satna,3857,3215,1062,4821,-420,31,68,5,93,789,3068,9219461,86.38251574467984,0.4639099834578182,0
2024-01-08,Kulgam,3797,4464,844,4846,-1511,30,79,8,46,545,3252,11213205,92.65542431414585,0.47337045920412585,2
2024-08-14,Alappuzha,3722,2645,933,3559,144,33,69,8,177,820,2902,5035196,73.6377836145169,0.7105979588480766,1
2024-09-24,Pakke Kessang,3764,4420,1461,4934,-2117,34,77,2,122,1493,2271,9451946,85.64788862742503,0.6221999152343867,3
2024-03-30,Lohit,3204,3290,1428,4968,-1514,35,70,10,58,688,2516,9170311,73.8497535193979,0.5144863680195797,4
2024-03-20,Kanker,4393,4093,1172,4267,-872,28,53,10,56,1690,2703,6169080,96.90878162576826,0.8534497850570912,4
2024-06-01,Ongole,3962,3777,940,4830,-755,35,66,4,35,1917,2045,8415471,72.18414905269361,0.5605152700306376,3
2024-10-30,Siang,4580,2664,908,3395,1008,32,60,4,181,2433,2147,11687703,95.9465022091434,0.3056203601340657,3
2024-10-11,Dhule,3781,3018,955,3516,-192,34,77,7,7,1178,2603,13210872,97.44297491070813,0.3007371504318564,3
2024-07-17,Hoshiarpur,3913,3041,982,3873,-110,29,56,5,154,555,3358,9962202,56.722735347338414,0.403826382962321,3
2024-10-29,South 24 Parganas,4495,3264,1184,3897,47,32,60,6,51,380,4115,5279162,56.24967235934419,0.8425579665863635,3
2024-07-07,Gadchiroli,4947,2838,1445,4035,664,25,56,5,37,336,4611,13572935,75.485057611593,0.31555444714057795,1
2024-04-25,Fatehpur,4120,2623,1326,3505,171,28,68,5,105,492,3628,12502043,61.921292767715244,0.3158683744728762,4
2024-03-23,Changlang,4329,4197,1413,4652,-1281,27,66,1,58,1181,3148,14024801,67.75531772257872,0.4000056756598543,2
2024-02-22,Kolar,3600,3903,1159,4586,-1462,35,65,3,87,840,2760,12258491,54.53197121289495,0.41293826458737865,5
2024-04-01,Jalandhar,3638,3606,913,3841,-881,30,59,8,70,1360,2278,6740717,74.24808387848977,0.6704034600473511,1
2024-01-16,Tiruvannamalai,4389,3995,983,3475,-589,31,67,3,52,1938,2451,14993003,99.05852969637263,0.33202154364939435,0
2024-01-17,Anantapur,3007,2701,1192,4079,-886,25,72,10,7,1105,1902,5625686,52.876490146696995,0.6920044950962425,0
2024-06-04,North East Delhi,3819,3775,1171,4452,-1127,33,60,3,4,1710,2109,13626026,81.3692624996964,0.3629818407802832,1
2024-10-09,Sikar,3632,4229,1421,3277,-2018,32,75,8,142,1519,2113,9703699,51.713428169147114,0.5822521906336955,4
2024-09-18,Chandrapur,3767,2801,801,3145,165,29,74,1,79,1306,2461,13836469,56.849644422870774,0.26032653273027967,0
2024-07-03,Chatra,4816,3846,819,4613,151,29,53,2,197,1441,3375,7589126,94.33345109366459,0.6146952890227413,5
2024-03-20,Pathanamthitta,3856,4116,1461,3476,-1721,28,72,2,192,810,3046,9945994,66.05426688631405,0.5607282690900477,2
2024-05-27,Srinagar,3849,2654,770,3549,425,26,72,3,116,1192,2657,11228904,85.67880397672022,0.30492735533227466,0
2024-06-09,Tapi,4732,4463,809,4358,-540,28,70,5,30,1242,3490,9819404,70.71350110115148,0.5368961293373813,1
2024-10-14,Kolhapur,4757,3755,1357,4538,-355,26,57,0,28,79,4678,5938432,96.70066121959886,0.8608332974091477,0
2024-06-27,Sonipat,3520,4431,1276,3369,-2187,30,55,2,31,1394,2126,6052441,79.07689135830121,0.9429253420231606,1
2024-02-08,Anantapur,4141,2775,824,4479,542,25,75,4,6,2076,2065,6916447,95.77815564561178,0.5203538753351251,5
2024-02-09,Siang,4691,2705,1476,3924,510,33,75,5,161,699,3992,9346230,79.07079832877893,0.447346149195986,0
2024-08-20,Karbi Anglong,4505,4223,1005,4725,-723,27,65,4,107,40,4465,14471283,72.00921269706474,0.3612672076138654,1
2024-07-28,Bankura,4498,4069,1175,3998,-746,31,50,5,199,1239,3259,13344812,54.072716018280985,0.3929616992730958,5
2024-10-21,Bijnor,4310,3747,1250,4672,-687,31,58,6,70,1497,2813,13558150,72.35160844066681,0.36856060745750713,5
2024-06-12,Chatra,4832,4152,1207,4224,-527,35,77,4,86,838,3994,6017300,98.73116065984468,0.8905987735363037,5
2024-10-30,Kalahandi,4583,3393,831,4174,359,25,52,3,104,1435,3148,5027045,76.28970305608271,0.8402550603784131,1
2024-03-06,Mysuru,3707,3332,1137,3220,-762,33,50,2,127,1088,2619,9363430,50.209188298536716,0.4772823634074265,4
2024-06-22,Tengnoupal,4649,4156,814,3805,-321,26,70,9,44,1014,3635,9914449,57.343874009381075,0.501288573878387,5
2024-08-11,Churu,3108,4444,838,4472,-2174,28,58,8,130,1633,1475,9129082,95.72771618417681,0.5785904869733891,2
2024-04-02,Nanded,4616,3136,804,4514,676,29,60,8,191,459,4157,13966265,99.58349459295404,0.2821083518034349,1
2024-04-16,Minicoy,4262,3912,1448,4243,-1098,35,58,6,47,796,3466,8928981,60.84658017393345,0.6002924633841197,4
2024-09-06,Kargil,4539,3541,720,3696,278,34,68,9,4,749,3790,8555616,89.37836337039946,0.4980354424509001,5
2024-09-21,Panipat,4559,4450,1028,3612,-919,32,53,3,101,411,4148,14001903,65.91330079069118,0.3912325346061889,5
2024-07-20,Bareilly,4674,3740,894,4007,40,25,50,9,33,720,3954,7098881,65.31815787103693,0.6527789379762811,1
2024-05-10,Nagpur,4465,3007,1212,4362,246,26,56,9,195,1668,2797,13604375,84.33637112480702,0.31012082510221894,3
2024-08-23,Jodhpur,4095,2642,1431,4794,22,34,57,0,191,1565,2530,14486271,93.66490059536815,0.2811627643856725,5
2024-02-13,Sirsa,4775,3226,864,4586,685,30,76,1,119,1640,3135,5429127,92.35850464772768,0.7533439538253572,5
2024-03-21,Nagaur,4372,4365,1474,4144,-1467,25,62,0,192,1824,2548,7954645,65.80025015709245,0.7340365283428739,2
2024-05-09,Barmer,3749,3242,746,4421,-239,35,76,7,84,1414,2335,7054836,94.22475155661469,0.5652859967262173,5
2024-03-12,Angul,4099,2931,1352,4705,-184,30,69,0,86,2376,1723,13950155,89.14822911886796,0.30702167825375415,0
2024-10-04,Kaimur,3083,2757,723,3333,-397,27,67,9,99,1228,1855,8827426,58.91138001531476,0.3942259045841902,1
2024-03-30,North West Delhi,3657,3442,1373,4847,-1158,29,56,7,110,1354,2303,11029337,66.96929790940048,0.43656295931478023,2
2024-05-02,Ghazipur,3302,4325,751,4892,-1774,28,75,1,118,287,3015,5019137,96.05776694525824,1.0113292384726695,0
2024-08-31,Vadodara,3926,3954,977,3072,-1005,31,77,5,61,408,3518,9590354,63.14072443450399,0.5141624594879396,0
2024-03-16,Balasore,4391,2948,1024,3458,419,26,59,3,198,1427,2964,8479339,59.78732981832669,0.46843273986333134,1
2024-02-02,Etah,4345,3862,913,4002,-430,31,56,6,14,1643,2702,10056386,78.82232195843831,0.4748226649215732,2
2024-08-01,Amritsar,3986,3334,1051,4918,-399,26,59,9,162,2003,1983,10581512,73.04958782041838,0.4144020249658083,3
2024-02-14,Narsinghpur,4606,3285,876,3570,445,26,62,9,143,1531,3075,6129786,58.63540512962078,0.6788165198589314,5
2024-09-10,Gariaband,4289,3959,1432,3043,-1102,31,72,0,58,2209,2080,7420725,84.92558833782516,0.726478881780419,4
2024-09-08,Botad,3302,3345,1463,3636,-1506,25,61,6,128,901,2401,11756164,57.832533784110446,0.40897694179836214,2
2024-09-03,Washim,3221,2773,1341,3424,-893,31,67,3,61,1323,1898,6899079,57.586254006236516,0.5963114786770813,0
2024-05-15,Nagarkurnool,4000,4276,1028,3035,-1304,29,75,7,117,2382,1618,11940825,97.93829464844863,0.4441904139789336,5
2024-09-13,Adilabad,3804,2779,1031,4927,-6,30,59,9,163,1955,1849,9178211,71.31386108444251,0.41511357714482705,1
2024-03-16,North Delhi,3858,3746,1000,3898,-888,26,79,1,45,744,3114,9350129,84.38750607850525,0.507586579821519,4
2024-07-01,East Champaran,3942,2559,1100,4567,283,30,72,6,177,2474,1468,13203377,77.89141224714798,0.2771260716103161,3
2024-03-06,Jorhat,4430,2838,753,4355,839,25,63,2,77,278,4152,14431212,75.84121849850898,0.24883564873137476,5
2024-05-16,Anuppur,3105,2911,1067,4572,-873,32,63,10,39,2099,1006,5253622,69.11483088854919,0.7571918954199598,0
2024-02-21,Nawada,4501,4206,728,3085,-433,25,76,3,164,1043,3458,5642174,94.12691793367001,0.8744856149420419,2
2024-01-15,Latur,4445,3858,1314,4763,-727,31,55,3,139,421,4024,7842258,59.73226712595405,0.6595039336884861,1
2024-08-17,Vidisha,4286,3335,1353,3381,-402,31,63,8,170,277,4009,14306989,81.35570866949844,0.3276720209961719,0
2024-10-06,Agra,4621,2833,700,3297,1088,28,67,0,191,229,4392,11175572,52.87809973042273,0.31613594364565856,3
2024-07-18,Puttur,4226,3888,1490,4250,-1152,28,64,9,138,1063,3163,8391857,83.18586585342828,0.6408593473411189,1
2024-07-16,Washim,4557,2830,982,4039,745,35,69,10,196,961,3596,13685706,67.71100577201346,0.27853879076461235,3
2024-06-25,Jalna,3289,3855,808,3356,-1374,34,66,5,78,2492,797,13852538,92.43277284921223,0.3366170155967087,5
2024-08-28,Pune,4757,2674,1367,3020,716,34,69,9,30,2422,2335,13116393,54.30553934358467,0.30808774942928285,5
2024-09-13,East Delhi,3866,3096,1411,3873,-641,33,66,9,102,2217,1649,5000321,55.68123925291293,0.9013421338350078,2
2024-10-05,West Sikkim,4523,2655,990,3424,878,35,71,6,200,1306,3217,13195240,58.109178307067154,0.27623597600346794,0
2024-04-08,Gurdaspur,4835,3718,1274,4850,-157,30,79,8,186,532,4303,13448602,59.56329791402011,0.37119099814240913,4
2024-03-04,Jayashankar Bhupalapally,4833,3537,712,3719,584,30,60,9,90,1031,3802,6730785,95.82256548291912,0.6312785210046079,1
2024-04-03,Tinsukia,4848,4059,806,4092,-17,30,67,2,83,450,4398,14468761,68.3484652972498,0.3362416450171511,3
2024-09-28,Banda,3161,3964,955,4452,-1758,30,80,6,77,1387,1774,6457706,50.58638233028665,0.7617256034882975,2
2024-09-05,Sahibzada Ajit Singh Nagar,3835,4495,867,3075,-1527,34,70,8,42,1462,2373,6455908,86.10818339802198,0.8305570649395871,1
2024-05-18,Thiruvananthapuram,3048,3586,1339,3113,-1877,25,56,9,1,297,2751,11701387,82.62819325301552,0.42089027565706527,1
2024-04-07,Latehar,4261,2792,1279,4447,190,27,65,10,114,2235,2026,8578979,63.977667548237555,0.4745319926765178,2
2024-03-30,South Garo Hills,3265,2916,1354,4766,-1005,25,60,0,172,733,2532,14025043,57.328387085518415,0.3044553945396103,5
2024-06-17,Birbhum,3804,2537,1108,3166,159,30,66,6,89,26,3778,7850204,56.35638035478493,0.46431914380823736,2
2024-09-06,Siddharthnagar,4431,3417,1155,4510,-141,31,61,8,107,1163,3268,14719484,59.8678440867289,0.31060871427286446,4
2024-06-23,Ramanathapuram,4812,2760,1241,3760,811,31,59,5,178,867,3945,10212575,90.60444708690994,0.39177190865183364,4
2024-05-20,Dhule,4531,3321,837,4978,373,26,63,3,172,844,3687,9211416,82.78745808449389,0.45139639768739137,3
2024-09-01,Dadra and Nagar Haveli,4322,3780,1495,4051,-953,27,69,4,14,305,4017,14674651,64.2924167213394,0.359463403933763,5
2024-07-01,Washim,4820,2821,902,3449,1097,34,78,3,197,1317,3503,5586416,84.85618606475929,0.6664380167892975,1
2024-03-14,Panchkula,4916,3088,1147,4658,681,28,59,6,2,1030,3886,5163144,90.78377051949869,0.8202366620028416,4
2024-05-20,Adilabad,4770,4111,1073,4731,-414,33,75,0,97,958,3812,5368727,57.36483340240414,0.9655920295444339,0
2024-06-05,Kishtwar,4197,4201,1241,3940,-1245,27,53,1,24,383,3814,5991665,89.94089674326612,0.9082617269156403,3
2024-06-10,Muktsar,4605,3385,1298,4187,-78,33,76,7,98,1912,2693,9117576,70.91264291241728,0.5136233577872013,5
2024-05-07,Bikaner,3324,4202,1368,4208,-2246,34,63,5,11,2102,1222,11504076,58.10993277800651,0.48417621719467085,2
2024-01-10,Chhatarpur,3316,3279,1255,3566,-1218,31,78,2,198,655,2661,5127273,72.80986691791071,0.8842907331051028,2
2024-07-05,Anantapur,4672,3410,845,3374,417,35,73,5,57,2436,2236,14915380,95.29157388627243,0.28527600369551426,3
2024-08-08,Raisen,4136,3250,1143,3105,-257,34,70,1,15,672,3464,9295106,75.99390115139246,0.4726142983199977,1
2024-02-24,East Delhi,4213,3221,828,3891,164,30,79,3,58,952,3261,5115577,92.0064664778265,0.7915040668921609,1
2024-10-14,Vijayapura,4644,2749,712,3978,1183,34,78,1,0,2079,2565,10557829,71.55664687120114,0.3278136063768413,2
2024-06-14,Beed,4077,3921,1464,4164,-1308,34,54,5,190,2196,1881,11278461,73.39022148051441,0.47745875966588,4
2024-06-05,Raigad,4161,2921,1321,3282,-81,25,80,8,141,2465,1696,7963893,56.079841551343904,0.5326540675521382,0
2024-10-06,Sehore,3287,3599,994,3288,-1306,28,60,7,124,147,3140,10614312,91.73222055605586,0.4327176363385587,4
2024-06-17,Nanded,4221,3239,1247,3073,-265,34,65,7,150,1165,3056,14849881,80.6034088835388,0.3020899628757968,0
2024-08-19,Sonitpur,4559,3982,816,4202,-239,25,52,2,145,2387,2172,14556065,84.87726781991961,0.329622051014474,3
2024-09-28,Hazaribagh,3451,3429,1090,3557,-1068,28,51,8,14,1759,1692,10940856,58.90150256823466,0.4130389797653858,2
2024-08-10,Champhai,4158,3369,1216,3027,-427,33,75,7,118,1834,2324,6856412,69.420251362481,0.6687171074317004,5
2024-07-23,Gautam Buddha Nagar,3809,2685,1365,4364,-241,29,63,10,17,1458,2351,14497800,65.33803912382417,0.27935272937963,0
2024-01-17,Amethi,3425,2548,969,3363,-92,26,58,3,38,698,2727,13358418,88.88965983499531,0.2632796787763341,3
2024-01-20,Uttara Kannada,3207,2746,785,3020,-324,35,72,1,175,331,2876,14776842,56.433993322375116,0.2389549810439876,3
2024-01-19,Leh,3040,3780,1417,4666,-2157,30,56,6,55,533,2507,12110055,69.94817375837052,0.4291475141937836,0
2024-10-04,Kokrajhar,3995,3177,1168,3481,-350,29,72,2,110,1101,2894,5065858,51.3524042254477,0.8577026833361694,4
2024-02-09,Bageshwar,3870,2706,799,4259,365,28,58,2,53,589,3281,9955140,95.50519807904763,0.352079428315423,0
2024-05-23,Hooghly,3973,3433,824,4777,-284,30,51,0,102,2394,1579,6806633,89.2672834902922,0.6254193519762267,2
2024-01-08,Rajouri,3700,2734,891,3686,75,30,60,7,52,1023,2677,10847634,67.13497385443804,0.3341742540354883,4
2024-03-24,Fatehpur,3656,3685,716,4565,-745,35,74,9,87,2126,1530,13597211,51.17211152298709,0.3236693171857081,1
2024-08-25,Andrott,4613,4279,1312,4985,-978,27,50,4,86,845,3768,5194501,79.06857970075144,1.0763305272248478,2
2024-03-20,Nadia,3772,4019,1198,3822,-1445,28,79,3,61,1192,2580,12465504,73.7768620842109,0.41851496738519356,2
2024-07-15,Aurangabad,3824,3532,816,4695,-524,34,57,4,166,1052,2772,10913641,99.23769489891454,0.398400497139314,5
2024-10-26,Rohtas,4093,2740,860,3546,493,35,79,8,129,229,3864,14110345,66.79867974542314,0.25513196169193597,0
2024-07-31,Balasore,3520,4061,1289,4185,-1830,31,61,6,116,759,2761,11499871,57.5879818095816,0.4652226098884066,5
2024-08-06,Tawang,4688,3853,1139,4628,-304,31,77,2,190,1300,3388,14099450,90.69501405125325,0.3540563639007195,3
2024-03-14,Rewari,3988,4179,1323,3580,-1514,28,62,2,164,2007,1981,6954643,96.20187323162602,0.7911261584527056,2
2024-01-06,Muzaffarpur,4211,2546,1246,4242,419,34,63,9,13,1720,2491,12652396,64.87704235309576,0.2997060793860704,4
2024-07-21,Kozhikode,4517,4258,1045,4609,-786,31,69,8,188,279,4238,13444651,94.7357653841458,0.39443195661977387,4
2024-05-19,Chamarajanagar,4295,3179,830,4153,286,28,52,4,46,1811,2484,12745149,88.41056457328949,0.3145510499720325,4
2024-06-30,Kabeerdham,3170,4353,1385,4953,-2568,34,64,2,127,2152,1018,11159663,73.97871729436545,0.5141732326504842,0
2024-06-12,Shimla,3001,3185,1379,3053,-1563,34,62,3,113,1915,1086,10385561,64.5976850993701,0.439456279732987,5
2024-05-30,Purnia,3635,3749,1352,3094,-1466,25,74,10,108,753,2882,8014895,61.92021671923915,0.6364400282224533,0
2024-02-22,Baran,4748,3674,829,3110,245,28,60,8,194,2065,2683,11808401,72.04125242171013,0.38133867574449754,5
2024-10-09,Yadgir,3025,2527,830,3410,-332,34,62,0,122,1452,1573,11979610,61.411323855678575,0.28022615093479675,1
2024-04-18,Dhamtari,4852,3873,1437,3590,-458,33,76,8,197,1254,3598,10717154,66.15596127396368,0.49546736008458964,1
2024-02-11,Katihar,4239,4313,1384,3100,-1458,25,55,4,16,1466,2773,10758972,85.10045230551218,0.5295115555649741,1
2024-07-26,Bharuch,3924,3252,1423,4484,-751,32,52,10,122,2020,1904,9522245,51.00765098001319,0.4909556517396895,4
2024-01-17,Saharsa,3000,3501,839,4518,-1340,35,62,3,178,314,2686,13607292,91.32047853882804,0.3189466353775608,0
2024-08-19,Pakur,4673,3745,1266,4774,-338,35,51,8,71,681,3992,13768272,92.64328598597172,0.3639527167969953,1
2024-03-22,Karaikal,3697,2964,1057,3880,-324,31,50,4,75,2168,1529,5012658,72.56270026031822,0.8021692283814296,2
2024-06-27,Jalor,3112,3910,855,3460,-1653,27,57,7,136,2297,815,11283828,91.63597666820351,0.4222857703963584,4
2024-10-13,South West Delhi,3518,3020,1021,3835,-523,32,77,6,151,1678,1840,11407080,84.00245243649672,0.35425367403402097,0
2024-01-09,Purba Bardhaman,4527,3650,1288,4315,-411,34,52,3,64,213,4314,6770555,90.00487483391959,0.7293345966468037,0
2024-08-08,Wayanad,3743,2683,1120,4627,-60,31,67,1,47,325,3418,12720243,85.8487131562889,0.29897227592271625,4
2024-02-04,Tarn Taran,4372,2655,1353,4756,364,29,51,9,83,1457,2915,5856310,78.69256698663929,0.6843899998463197,4
2024-08-20,Pakke Kessang,4273,3962,1324,3554,-1013,29,50,9,74,1203,3070,6147851,58.42442968341242,0.8598126402217621,4
2024-08-25,Nanded,3581,3152,773,3435,-344,27,50,0,49,449,3132,9244463,88.58031797768248,0.4245784747042635,0
2024-01-15,Anakapalli,3380,2841,982,3594,-443,31,66,3,124,1688,1692,8484585,97.17240640785406,0.4505818493184994,2
2024-03-08,Ganjam,4637,3072,759,3177,806,29,77,10,95,554,4083,5582990,95.49766688089224,0.6861914493846487,4
2024-05-02,Dumka,3517,3536,1103,3572,-1122,31,66,5,77,911,2606,14142189,98.8009631041432,0.32802559773455153,1
2024-04-21,Lawngtlai,3344,3632,1034,4518,-1322,30,72,3,23,1139,2205,10461452,51.48480953232182,0.4460183920931817,5
2024-07-12,Seoni,4246,3957,832,4806,-543,28,52,4,9,1520,2726,8351556,80.06574515958067,0.5734260777273121,1
2024-07-06,Tiruchirappalli,4776,3568,879,3023,329,31,61,7,191,468,4308,10805041,68.20406384758431,0.4115671564781661,0
2024-05-08,Kendujhar,4960,3905,1175,4080,-120,30,53,4,123,284,4676,5600951,59.81885102167296,0.9069888310038777,5
2024-06-14,Kanpur Dehat,3235,3967,713,4597,-1445,31,65,7,92,726,2509,12645410,61.61669361430978,0.3700947616566011,4
2024-05-25,Thiruvananthapuram,3752,2560,1187,3321,5,33,64,5,140,196,3556,10681453,97.57738084853068,0.35079497143319355,3
2024-05-16,Jogulamba Gadwal,3202,3711,943,4448,-1452,33,59,1,117,736,2466,5365697,84.01988794748212,0.8673616866550609,2
2024-08-15,Tiruchirappalli,3794,3489,879,4836,-574,33,76,2,142,542,3252,8191097,62.330299809375866,0.5332619061891222,3
2024-10-25,Bharuch,4026,4139,983,4038,-1096,34,56,9,8,1305,2721,14815092,57.59149708515762,0.3457285314191772,2
2024-08-19,Gautam Buddha Nagar,4927,3493,1463,3819,-29,28,72,0,115,676,4251,14462471,72.98251975734661,0.3426800302659207,4
2024-10-25,Shahdara,4232,3039,1314,3132,-121,26,55,7,39,2299,1933,8257035,81.89541262387431,0.5271868170596345,4
2024-03-01,Godda,3534,4122,1428,4902,-2016,30,78,0,12,1290,2244,6395669,56.3888503678465,0.8677747394369534,0
2024-10-15,Kalapeni,3429,4487,996,3490,-2054,35,57,10,15,1811,1618,11103969,55.61914058525925,0.49378740160387696,1
2024-10-30,Dakshina Kannada,4570,3873,898,3096,-201,27,50,9,104,2170,2400,9997182,71.75429892292408,0.47723448467778223,5
2024-03-31,Sabarkantha,3434,3284,1363,3008,-1213,28,69,2,39,406,3028,5547889,66.24321608050202,0.837615893180271,5
2024-09-18,Chhindwara,3209,2812,762,4509,-365,26,57,3,38,2067,1142,11753765,99.09203538475566,0.30407278008365834,2
2024-06-05,Auraiya,3599,2983,1456,3270,-840,28,65,9,146,1422,2177,5852312,94.44900831148414,0.7585036477891131,4
2024-08-27,Cachar,4132,3515,1435,4132,-818,31,67,4,163,1149,2983,11161078,64.66824396654309,0.44350554668644016,1
2024-01-25,Hooghly,4276,4084,1425,4535,-1233,30,54,5,12,848,3428,14251512,98.65880136462329,0.3865554756576004,1
2024-04-20,Sambalpur,4539,3072,1254,4514,213,29,71,1,26,209,4330,7049369,59.526567312121216,0.6136719470920021,0
2024-10-10,Uttar Dinajpur,3486,3423,1482,3911,-1419,25,73,8,111,1169,2317,5378028,64.94257111816202,0.9120443404162268,5
2024-09-27,Kheda,4537,4168,840,3239,-471,25,77,4,116,376,4161,13483752,54.60431230552816,0.3714099755023676,5
2024-05-04,Latehar,3684,3108,1141,4935,-565,33,52,10,164,1396,2288,13138146,60.13010440791147,0.32340940647181116,3
2024-08-17,Harda,3472,3024,1075,4404,-627,27,63,8,70,1518,1954,8639718,61.76773842735338,0.47443678138568873,4
2024-01-11,Mahasamund,4411,3585,1128,3911,-302,28,71,1,120,788,3623,8942755,53.38689351033849,0.5270187990166342,2
2024-09-14,Upper Siang,4856,4024,1012,3266,-180,30,65,2,52,1835,3021,10395037,90.47389939434609,0.4844619600680594,4
2024-05-23,Kasganj,4614,3899,1070,4269,-355,30,75,5,195,1057,3557,5259274,98.97696548854637,0.94480721103331,5
2024-04-13,Virudhunagar,4113,2966,1266,4809,-119,28,67,2,40,1182,2931,10791583,94.51359026489972,0.39215748051050525,3
2024-04-25,Shahdara,3223,2773,1009,3300,-559,32,53,8,153,303,2920,14440015,82.79908887466911,0.26191108527241835,5
2024-09-11,Nellore,3562,4164,900,3464,-1502,31,71,10,66,1130,2432,14660987,79.80989307785461,0.34540648593440537,2
2024-02-22,Satara,4658,3416,935,3458,307,25,73,3,20,2192,2466,5173769,71.226996636884,0.8409729928027324,0
2024-09-09,Wokha,4718,2681,1181,4645,856,34,64,2,133,173,4545,13902072,95.13430820705126,0.27780031638449293,4
2024-03-30,Mandla,3742,3346,1068,4401,-672,27,79,10,90,2464,1278,6851224,90.27596846402221,0.644264440923257,5
2024-01-15,Moga,3031,2639,734,4262,-342,29,72,8,93,1368,1663,8779201,79.89071028759285,0.38420352831652904,4
2024-09-20,Solan,3451,2870,1037,3377,-456,33,51,3,51,1454,1997,7556831,50.256489459997894,0.517015664370422,0
2024-03-31,Coimbatore,3381,3799,1259,4734,-1677,29,59,7,14,2490,891,7251270,79.97646559738868,0.697532983877307,2
2024-10-24,Araria,3142,3486,804,3926,-1148,26,71,4,34,1816,1326,5668328,96.65737562009625,0.7568369367474853,0
2024-02-01,Dholpur,3993,3047,1449,3261,-503,31,79,1,118,82,3911,10484145,54.445562468848884,0.42883802160309686,2
2024-07-04,Raipur,3692,3667,1214,4809,-1189,33,65,6,68,1352,2340,5102418,79.45555693640537,0.9566052800848539,3
2024-02-01,Shivamogga,4234,2841,1422,4354,-29,28,64,2,30,910,3324,6232896,59.223604815398716,0.6839517296614607,1
2024-10-12,West Khasi Hills,3209,4101,1039,4137,-1931,25,69,9,194,1661,1548,6926070,76.60308891392594,0.7421235996748516,3
2024-04-23,Fatehpur,3319,3800,793,4569,-1274,30,60,9,149,525,2794,5461122,84.4643163201127,0.8410359629394839,2
2024-07-16,Kishtwar,4562,2694,859,4869,1009,31,67,9,111,1126,3436,7468119,65.7524605667004,0.47575567555899956,5
2024-06-02,Kondagaon,4431,3890,1065,3656,-524,31,55,9,127,1138,3293,9881719,93.5308869943103,0.5014309757239606,3
2024-03-02,East Godavari,3371,3411,719,4584,-759,28,52,3,167,2288,1083,10063118,87.33518392432745,0.4104095768329458,5
2024-05-08,Kabeerdham,4131,3082,1153,4121,-104,26,66,0,63,745,3386,9524770,55.78193903011264,0.4446301590484599,3
2024-02-11,Barmer,3743,4318,1146,4000,-1721,29,52,6,42,2345,1398,6669495,50.980046269254395,0.819252432155658,5
2024-09-16,Puri,4002,3742,1500,3502,-1240,26,68,6,51,106,3896,14203293,70.43174625633635,0.3690693418772675,2
2024-05-12,Jalna,3585,2652,1129,3442,-196,29,74,3,118,2168,1417,5860102,98.48669741695463,0.6452106123750064,1
2024-06-24,Dehradun,4038,4132,1114,4960,-1208,25,58,0,154,1865,2173,13458976,52.68913894567533,0.38977705287534503,5
2024-07-11,Yamunanagar,4161,3472,1072,3364,-383,28,71,3,74,2301,1860,10292881,81.16806504007452,0.4414701773002136,4
2024-05-20,Aizawl,4360,3665,850,4076,-155,28,70,3,60,2161,2199,11617052,69.49957546648832,0.3886528182881509,0
2024-04-11,Jajpur,4206,3825,1409,3791,-1028,32,61,5,40,2418,1788,9117243,54.94012058122489,0.5740770537760154,4
2024-09-07,Ballia,4773,2936,1255,3093,582,27,76,5,108,2423,2350,13936680,73.39164966237189,0.3007172439921129,3
2024-07-10,Khargone,3285,4112,1396,4893,-2223,34,52,5,5,1711,1574,9317339,97.11122071353819,0.5911559083553792,3
2024-09-29,Una,3730,2867,1110,3667,-247,29,53,6,52,129,3601,10054111,79.12143286860058,0.3955595875159922,5
2024-09-06,Cuddalore,3534,2976,750,3798,-192,34,80,4,13,958,2576,10814073,50.319401046697116,0.3445510308650589,1
2024-09-01,South Garo Hills,4759,3383,1234,3647,142,26,72,0,83,347,4412,11823624,88.82737945672827,0.39048941339812565,3
2024-02-29,Latur,3710,3728,1126,4782,-1144,28,60,5,170,990,2720,8920631,66.10373606753866,0.5441319117448082,4
2024-03-13,South 24 Parganas,3005,4049,1343,4449,-2387,29,65,2,66,1207,1798,11079137,68.3008113072163,0.4866805058913885,2
2024-07-20,Gonda,3679,3303,882,3804,-506,32,53,5,10,804,2875,6128982,96.87482582528635,0.6828213886090708,2
2024-08-02,Ballia,4143,2740,744,3933,659,33,53,9,169,1901,2242,14004796,54.84220161943661,0.24877192070487855,4
2024-01-11,Nagpur,4150,3820,704,4697,-374,34,75,3,58,1731,2419,8294465,67.30614511647478,0.5454239664643832,0
2024-02-25,Azamgarh,4736,2728,794,3394,1214,32,75,7,56,2135,2601,9367502,92.12379662707065,0.37598070435426645,1
2024-05-24,Jodhpur,3871,3202,833,3483,-164,34,78,2,15,323,3548,13212659,85.96245457583676,0.30538894555592483,0
2024-09-26,Chamoli,3882,4275,1045,3413,-1438,32,72,0,182,677,3205,10058886,86.63147334133919,0.5288856042309258,1
2024-07-21,Ajmer,3479,4068,1442,3609,-2031,35,70,2,172,1299,2180,7894570,68.20266543861932,0.6979480833028271,4
2024-01-15,Budgam,4817,3381,1496,4566,-60,31,55,10,162,1660,3157,6841548,86.78727532476762,0.7128503666129361,3
2024-04-01,Banda,3725,2504,1482,4644,-261,33,77,9,145,722,3003,10596413,81.56307026078439,0.37616502867526963,3
2024-01-10,Firozabad,3186,3589,862,4560,-1265,26,59,6,175,150,3036,5373436,98.20125119005274,0.8283340492005488,2
2024-08-12,Bengaluru Rural,3567,2681,1258,4209,-372,25,60,6,135,2397,1170,7887053,69.88001300275194,0.499426084749272,1
2024-05-31,Rajgarh,4067,3001,1288,3341,-222,26,59,3,153,1774,2293,9927077,70.61530022371485,0.4320506429032433,0
2024-10-06,Burhanpur,3594,2963,1121,3434,-490,30,67,10,44,2324,1270,6348053,61.44016257554177,0.6433468655664973,2
2024-06-17,Darjeeling,4367,3295,851,3848,221,35,65,6,41,1707,2660,10036565,56.023695648459615,0.413089538103923,0
2024-03-03,Champhai,3886,4271,830,4952,-1215,26,62,8,116,758,3128,10810585,53.13907902359507,0.4718523558160821,1
2024-01-15,Dakshina Kannada,3534,3044,1284,4943,-794,27,76,1,146,734,2800,14140173,93.87194548826895,0.30607829196997804,3
2024-01-01,Hoshangabad,4655,3921,1231,3603,-497,25,58,1,187,864,3791,7010259,61.01237780738304,0.7349229179692219,4
2024-08-27,Mulugu,4826,3336,1323,3850,167,27,77,10,166,1431,3395,6969036,53.13818870980492,0.6685286171573801,1
2024-09-24,South East Delhi,4487,4426,1155,3319,-1094,29,59,4,125,74,4413,5558192,86.7446499657849,1.0041034926465295,3
2024-01-19,East Kameng,3889,3553,946,3476,-610,31,78,2,22,1093,2796,14159780,50.50607923434658,0.3177309251979904,2
2024-07-07,Chandrapur,4563,2558,1143,4373,862,28,76,2,101,2009,2554,7929548,73.65208382060702,0.4667353044587157,4
2024-08-26,Palghar,4647,2523,1019,3911,1105,31,78,2,97,32,4615,10635277,79.53194380096312,0.33304257143466975,5
2024-01-31,Jalandhar,3663,3941,1342,3176,-1620,35,55,1,161,1219,2444,14885103,90.28149756355054,0.3549186055346745,3
2024-08-25,Nicobar,4802,4476,1248,3335,-922,34,73,10,167,1820,2982,6566978,79.33829960861186,0.8716338017273698,0
2024-04-21,Kavaratti,4798,3762,1064,4496,-28,27,53,1,34,1195,3603,9709651,53.314947702768144,0.497031252719588,1
2024-05-19,Mamit,3560,2853,1131,4912,-424,25,50,6,137,494,3066,5098772,78.21847268244642,0.7813646109298474,0
2024-05-24,Dungarpur,3430,3265,988,4319,-823,28,52,2,22,612,2818,7109063,63.073857123778645,0.5982504304716388,5
2024-01-10,Latur,4051,4491,1081,3702,-1521,26,63,9,0,883,3168,14181176,55.431500100954864,0.3929152279049354,4
